,COMB.N0000.LK,COMB.N0000.LK,COMB.N0000.LK,COMB.N0000.LK,COMB.N0000.LK,COMB.N0000.LK,HNB.N0000.LK,HNB.N0000.LK,HNB.N0000.LK,HNB.N0000.LK,HNB.N0000.LK,HNB.N0000.LK,NDB.N0000.LK,NDB.N0000.LK,NDB.N0000.LK,NDB.N0000.LK,NDB.N0000.LK,NDB.N0000.LK
,Open,High,Low,Close,Adj Close,Volume,Open,High,Low,Close,Adj Close,Volume,Open,High,Low,Close,Adj Close,Volume
2023-01-01,106.18101782710437,107.78861678758746,99.8170041252703,106.839779692187,106.839779692187,71474,106.18101782710437,107.78861678758746,99.8170041252703,106.839779692187,106.839779692187,71474,106.18101782710437,107.78861678758746,99.8170041252703,106.839779692187,106.839779692187,71474
2023-01-02,192.60714596148742,200.78681620267804,192.09579214706642,199.76922605648656,199.76922605648656,39185,192.60714596148742,200.78681620267804,192.09579214706642,199.76922605648656,199.76922605648656,39185,192.60714596148742,200.78681620267804,192.09579214706642,199.76922605648656,199.76922605648656,39185
2023-01-03,159.79909127171078,168.1204330512882,157.22301906837356,164.40490973612427,164.40490973612427,88924,159.79909127171078,168.1204330512882,157.22301906837356,164.40490973612427,164.40490973612427,88924,159.79909127171078,168.1204330512882,157.22301906837356,164.40490973612427,164.40490973612427,88924
2023-01-04,139.7987726295555,144.87344996716385,139.20352562607778,140.40119412895834,140.40119412895834,75417,139.7987726295555,144.87344996716385,139.20352562607778,140.40119412895834,140.40119412895834,75417,139.7987726295555,144.87344996716385,139.20352562607778,140.40119412895834,140.40119412895834,75417
2023-01-05,73.40279606636548,73.46665478353381,67.36484153687161,72.63068703428468,72.63068703428468,72139,73.40279606636548,73.46665478353381,67.36484153687161,72.63068703428468,72.63068703428468,72139,73.40279606636548,73.46665478353381,67.36484153687161,72.63068703428468,72.63068703428468,72139
2023-01-06,73.3991780504304,76.26955938217952,66.53327891550433,75.16053312139344,75.16053312139344,35980,73.3991780504304,76.26955938217952,66.53327891550433,75.16053312139344,75.16053312139344,35980,73.3991780504304,76.26955938217952,66.53327891550433,75.16053312139344,75.16053312139344,35980
2023-01-07,58.71254182522992,64.88181100898734,57.56766544457087,59.00601839068115,59.00601839068115,23504,58.71254182522992,64.88181100898734,57.56766544457087,59.00601839068115,59.00601839068115,23504,58.71254182522992,64.88181100898734,57.56766544457087,59.00601839068115,59.00601839068115,23504
2023-01-08,179.92642186624028,189.7382836465145,176.0880330357905,186.1540839134455,186.1540839134455,55970,179.92642186624028,189.7382836465145,176.0880330357905,186.1540839134455,186.1540839134455,55970,179.92642186624028,189.7382836465145,176.0880330357905,186.1540839134455,186.1540839134455,55970
2023-01-09,140.16725176148134,146.48538703164803,135.60488667192593,138.7223627270949,138.7223627270949,17766,140.16725176148134,146.48538703164803,135.60488667192593,138.7223627270949,138.7223627270949,17766,140.16725176148134,146.48538703164803,135.60488667192593,138.7223627270949,138.7223627270949,17766
2023-01-10,156.21088666940682,158.8089224800484,152.52035645179765,157.56781305296485,157.56781305296485,94922,156.21088666940682,158.8089224800484,152.52035645179765,157.56781305296485,157.56781305296485,94922,156.21088666940682,158.8089224800484,152.52035645179765,157.56781305296485,157.56781305296485,94922
2023-01-11,53.08767414437037,59.42773117536648,51.87742413951844,59.40687647157494,59.40687647157494,12695,53.08767414437037,59.42773117536648,51.87742413951844,59.40687647157494,59.40687647157494,12695,53.08767414437037,59.42773117536648,51.87742413951844,59.40687647157494,59.40687647157494,12695
2023-01-12,195.48647782429916,200.8863316214577,191.2969999224244,191.58492924712488,191.58492924712488,18796,195.48647782429916,200.8863316214577,191.2969999224244,191.58492924712488,191.58492924712488,18796,195.48647782429916,200.8863316214577,191.2969999224244,191.58492924712488,191.58492924712488,18796
2023-01-13,174.86639612006326,182.6648500715747,167.35461564197908,181.0934974163553,181.0934974163553,43543,174.86639612006326,182.6648500715747,167.35461564197908,181.0934974163553,181.0934974163553,43543,174.86639612006326,182.6648500715747,167.35461564197908,181.0934974163553,181.0934974163553,43543
2023-01-14,81.85086660174142,82.920672990011,81.14078995640887,82.24899947936376,82.24899947936376,15559,81.85086660174142,82.920672990011,81.14078995640887,82.24899947936376,82.24899947936376,15559,81.85086660174142,82.920672990011,81.14078995640887,82.24899947936376,82.24899947936376,15559
2023-01-15,77.2737450810651,84.88402410608538,76.47194494024606,84.66011659131256,84.66011659131256,34139,77.2737450810651,84.88402410608538,76.47194494024606,84.66011659131256,84.66011659131256,34139,77.2737450810651,84.88402410608538,76.47194494024606,84.66011659131256,84.66011659131256,34139
2023-01-16,77.51067647801507,82.92334226477618,73.96296355965524,78.1296249381776,78.1296249381776,9802,77.51067647801507,82.92334226477618,73.96296355965524,78.1296249381776,78.1296249381776,9802,77.51067647801507,82.92334226477618,73.96296355965524,78.1296249381776,78.1296249381776,9802
2023-01-17,95.63633644393066,105.2662564825206,86.21907932774141,102.3594273601561,102.3594273601561,74843,95.63633644393066,105.2662564825206,86.21907932774141,102.3594273601561,102.3594273601561,74843,95.63633644393066,105.2662564825206,86.21907932774141,102.3594273601561,102.3594273601561,74843
2023-01-18,128.71346474483568,132.13218640522254,122.02773827760653,122.65819590722874,122.65819590722874,41205,128.71346474483568,132.13218640522254,122.02773827760653,122.65819590722874,122.65819590722874,41205,128.71346474483568,132.13218640522254,122.02773827760653,122.65819590722874,122.65819590722874,41205
2023-01-19,114.79175279631737,121.11797172765685,108.00505322959172,112.40154008737711,112.40154008737711,99750,114.79175279631737,121.11797172765685,108.00505322959172,112.40154008737711,112.40154008737711,99750,114.79175279631737,121.11797172765685,108.00505322959172,112.40154008737711,112.40154008737711,99750
2023-01-20,93.68437102970628,103.00465208480645,90.06517112132764,90.93233033579767,90.93233033579767,35159,93.68437102970628,103.00465208480645,90.06517112132764,90.93233033579767,90.93233033579767,35159,93.68437102970628,103.00465208480645,90.06517112132764,90.93233033579767,90.93233033579767,35159
2023-01-21,141.77793420835692,142.8030314882637,135.84132629627155,142.6313776525867,142.6313776525867,12516,141.77793420835692,142.8030314882637,135.84132629627155,142.6313776525867,142.6313776525867,12516,141.77793420835692,142.8030314882637,135.84132629627155,142.6313776525867,142.6313776525867,12516
2023-01-22,70.92407909780627,80.29636397017079,70.82276725752884,78.56244857977356,78.56244857977356,51492,70.92407909780627,80.29636397017079,70.82276725752884,78.56244857977356,78.56244857977356,51492,70.92407909780627,80.29636397017079,70.82276725752884,78.56244857977356,78.56244857977356,51492
2023-01-23,93.82169728028272,100.70055450329086,87.46073681618729,98.74830924309423,98.74830924309423,30086,93.82169728028272,100.70055450329086,87.46073681618729,98.74830924309423,98.74830924309423,30086,93.82169728028272,100.70055450329086,87.46073681618729,98.74830924309423,98.74830924309423,30086
2023-01-24,104.95427649405376,105.63264708510548,95.8214070182914,105.02400907821416,105.02400907821416,31480,104.95427649405376,105.63264708510548,95.8214070182914,105.02400907821416,105.02400907821416,31480,104.95427649405376,105.63264708510548,95.8214070182914,105.02400907821416,105.02400907821416,31480
2023-01-25,118.41049763255539,121.42013330202356,112.2847629491072,113.06221481313572,113.06221481313572,53091,118.41049763255539,121.42013330202356,112.2847629491072,113.06221481313572,113.06221481313572,53091,118.41049763255539,121.42013330202356,112.2847629491072,113.06221481313572,113.06221481313572,53091
2023-01-26,167.77639420895204,174.85811509540486,159.03940827428858,165.13906354118527,165.13906354118527,48766,167.77639420895204,174.85811509540486,159.03940827428858,165.13906354118527,165.13906354118527,48766,167.77639420895204,174.85811509540486,159.03940827428858,165.13906354118527,165.13906354118527,48766
2023-01-27,79.95106732375396,80.62457333844168,72.71133676909302,73.27345265077564,73.27345265077564,39737,79.95106732375396,80.62457333844168,72.71133676909302,73.27345265077564,73.27345265077564,39737,79.95106732375396,80.62457333844168,72.71133676909302,73.27345265077564,73.27345265077564,39737
2023-01-28,127.13516576204174,132.95687036380446,125.92958159800483,127.4108855924354,127.4108855924354,10265,127.13516576204174,132.95687036380446,125.92958159800483,127.4108855924354,127.4108855924354,10265,127.13516576204174,132.95687036380446,125.92958159800483,127.4108855924354,127.4108855924354,10265
2023-01-29,138.86218532930639,142.32101589883595,129.83765225644797,132.7009086583281,132.7009086583281,71990,138.86218532930639,142.32101589883595,129.83765225644797,132.7009086583281,132.7009086583281,71990,138.86218532930639,142.32101589883595,129.83765225644797,132.7009086583281,132.7009086583281,71990
2023-01-30,56.96756190799966,63.17671708567443,56.30312346444191,59.52757579797272,59.52757579797272,92717,56.96756190799966,63.17671708567443,56.30312346444191,59.52757579797272,59.52757579797272,92717,56.96756190799966,63.17671708567443,56.30312346444191,59.52757579797272,59.52757579797272,92717
2023-01-31,141.13172778521576,141.5891481233409,135.79205305973812,137.3489334749541,137.3489334749541,16386,141.13172778521576,141.5891481233409,135.79205305973812,137.3489334749541,137.3489334749541,16386,141.13172778521576,141.5891481233409,135.79205305973812,137.3489334749541,137.3489334749541,16386
2023-02-01,75.57861855309373,84.2939866146175,74.15724731515915,75.18083605892366,75.18083605892366,38425,75.57861855309373,84.2939866146175,74.15724731515915,75.18083605892366,75.18083605892366,38425,75.57861855309373,84.2939866146175,74.15724731515915,75.18083605892366,75.18083605892366,38425
2023-02-02,59.75773894779193,69.4926286395659,59.640672840482885,61.29078764697831,61.29078764697831,44254,59.75773894779193,69.4926286395659,59.640672840482885,61.29078764697831,61.29078764697831,44254,59.75773894779193,69.4926286395659,59.640672840482885,61.29078764697831,61.29078764697831,44254
2023-02-03,192.33283058799998,202.0216091408569,188.11248798672358,190.1609616432129,190.1609616432129,90863,192.33283058799998,202.0216091408569,188.11248798672358,190.1609616432129,190.1609616432129,90863,192.33283058799998,202.0216091408569,188.11248798672358,190.1609616432129,190.1609616432129,90863
2023-02-04,194.8448049611839,202.34132327861315,191.89439788464236,202.06005859503614,202.06005859503614,54634,194.8448049611839,202.34132327861315,191.89439788464236,202.06005859503614,202.06005859503614,54634,194.8448049611839,202.34132327861315,191.89439788464236,202.06005859503614,202.06005859503614,54634
2023-02-05,171.25960221746917,172.56046461877548,166.39959727949312,171.07749768632897,171.07749768632897,87717,171.25960221746917,172.56046461877548,166.39959727949312,171.07749768632897,171.07749768632897,87717,171.25960221746917,172.56046461877548,166.39959727949312,171.07749768632897,171.07749768632897,87717
2023-02-06,95.6920653760056,103.27469733529583,89.9200665086601,102.84416360557915,102.84416360557915,48662,95.6920653760056,103.27469733529583,89.9200665086601,102.84416360557915,102.84416360557915,48662,95.6920653760056,103.27469733529583,89.9200665086601,102.84416360557915,102.84416360557915,48662
2023-02-07,64.65081710095758,64.8966862655456,64.2134263778681,64.51388341328675,64.51388341328675,87988,64.65081710095758,64.8966862655456,64.2134263778681,64.51388341328675,64.51388341328675,87988,64.65081710095758,64.8966862655456,64.2134263778681,64.51388341328675,64.51388341328675,87988
2023-02-08,152.63495397682354,152.85618949211351,151.40492102558608,151.80890842509822,151.80890842509822,88527,152.63495397682354,152.85618949211351,151.40492102558608,151.80890842509822,151.80890842509822,88527,152.63495397682354,152.85618949211351,151.40492102558608,151.80890842509822,151.80890842509822,88527
2023-02-09,116.0228740609402,119.25897625243562,110.43645009643595,117.4794127089706,117.4794127089706,76452,116.0228740609402,119.25897625243562,110.43645009643595,117.4794127089706,117.4794127089706,76452,116.0228740609402,119.25897625243562,110.43645009643595,117.4794127089706,117.4794127089706,76452
2023-02-10,68.30573522671682,73.19216713076348,64.87406169499023,67.58787618409062,67.58787618409062,11143,68.30573522671682,73.19216713076348,64.87406169499023,67.58787618409062,67.58787618409062,11143,68.30573522671682,73.19216713076348,64.87406169499023,67.58787618409062,67.58787618409062,11143
2023-02-11,124.27653651669053,131.98061069476847,116.98480164119604,121.47429754709576,121.47429754709576,92391,124.27653651669053,131.98061069476847,116.98480164119604,121.47429754709576,121.47429754709576,92391,124.27653651669053,131.98061069476847,116.98480164119604,121.47429754709576,121.47429754709576,92391
2023-02-12,55.15827816728276,61.99123193334781,48.635361681363364,51.74068154610006,51.74068154610006,16581,55.15827816728276,61.99123193334781,48.635361681363364,51.74068154610006,51.74068154610006,16581,55.15827816728276,61.99123193334781,48.635361681363364,51.74068154610006,51.74068154610006,16581
2023-02-13,186.39806031181732,190.8570873755848,177.94201668191826,179.6168298531667,179.6168298531667,68443,186.39806031181732,190.8570873755848,177.94201668191826,179.6168298531667,179.6168298531667,68443,186.39806031181732,190.8570873755848,177.94201668191826,179.6168298531667,179.6168298531667,68443
2023-02-14,88.81699724000254,91.5532639028192,81.89206897331029,84.3698085980118,84.3698085980118,30424,88.81699724000254,91.5532639028192,81.89206897331029,84.3698085980118,84.3698085980118,30424,88.81699724000254,91.5532639028192,81.89206897331029,84.3698085980118,84.3698085980118,30424
2023-02-15,149.3783426530973,159.3495876546744,145.0790318791958,150.14964216792146,150.14964216792146,89844,149.3783426530973,159.3495876546744,145.0790318791958,150.14964216792146,150.14964216792146,89844,149.3783426530973,159.3495876546744,145.0790318791958,150.14964216792146,150.14964216792146,89844
2023-02-16,96.75666141341165,101.01847443577138,90.02699518946733,97.43518854043026,97.43518854043026,42984,96.75666141341165,101.01847443577138,90.02699518946733,97.43518854043026,97.43518854043026,42984,96.75666141341165,101.01847443577138,90.02699518946733,97.43518854043026,97.43518854043026,42984
2023-02-17,128.0102031766716,132.52407341996837,125.25639143411742,125.71109281086333,125.71109281086333,42505,128.0102031766716,132.52407341996837,125.25639143411742,125.71109281086333,125.71109281086333,42505,128.0102031766716,132.52407341996837,125.25639143411742,125.71109281086333,125.71109281086333,42505
2023-02-18,132.00654190149194,133.64278011340863,128.94340691370982,129.93265758432375,129.93265758432375,63699,132.00654190149194,133.64278011340863,128.94340691370982,129.93265758432375,129.93265758432375,63699,132.00654190149194,133.64278011340863,128.94340691370982,129.93265758432375,129.93265758432375,63699
2023-02-19,77.72816832882906,85.67626381632834,69.83831672962113,82.65159033645595,82.65159033645595,27957,77.72816832882906,85.67626381632834,69.83831672962113,82.65159033645595,82.65159033645595,27957,77.72816832882906,85.67626381632834,69.83831672962113,82.65159033645595,82.65159033645595,27957
2023-02-20,195.4376941646838,202.3745164224987,190.97349900066797,192.64855841109542,192.64855841109542,26464,195.4376941646838,202.3745164224987,190.97349900066797,192.64855841109542,192.64855841109542,26464,195.4376941646838,202.3745164224987,190.97349900066797,192.64855841109542,192.64855841109542,26464
2023-02-21,166.2699235041672,168.4776196320548,158.28612009898367,161.77818794977705,161.77818794977705,24649,166.2699235041672,168.4776196320548,158.28612009898367,161.77818794977705,161.77818794977705,24649,166.2699235041672,168.4776196320548,158.28612009898367,161.77818794977705,161.77818794977705,24649
2023-02-22,190.92484123462836,191.7486516907868,182.7006174979456,190.52408098806325,190.52408098806325,43065,190.92484123462836,191.7486516907868,182.7006174979456,190.52408098806325,190.52408098806325,43065,190.92484123462836,191.7486516907868,182.7006174979456,190.52408098806325,190.52408098806325,43065
2023-02-23,184.22410256414733,191.02909558489446,175.6484791875345,178.03132596847342,178.03132596847342,93661,184.22410256414733,191.02909558489446,175.6484791875345,178.03132596847342,178.03132596847342,93661,184.22410256414733,191.02909558489446,175.6484791875345,178.03132596847342,178.03132596847342,93661
2023-02-24,139.68499682166276,146.2301089644741,130.5186444632507,131.81856131900943,131.81856131900943,35758,139.68499682166276,146.2301089644741,130.5186444632507,131.81856131900943,131.81856131900943,35758,139.68499682166276,146.2301089644741,130.5186444632507,131.81856131900943,131.81856131900943,35758
2023-02-25,188.2811352534675,191.0137305234496,183.97128304833456,187.38361642838308,187.38361642838308,6596,188.2811352534675,191.0137305234496,183.97128304833456,187.38361642838308,187.38361642838308,6596,188.2811352534675,191.0137305234496,183.97128304833456,187.38361642838308,187.38361642838308,6596
2023-02-26,63.273875307787925,72.78251093029203,60.085207124576534,63.925119536056116,63.925119536056116,17374,63.273875307787925,72.78251093029203,60.085207124576534,63.925119536056116,63.925119536056116,17374,63.273875307787925,72.78251093029203,60.085207124576534,63.925119536056116,63.925119536056116,17374
2023-02-27,79.39742936287178,80.90800828068078,73.57544189693064,77.7066711306686,77.7066711306686,4775,79.39742936287178,80.90800828068078,73.57544189693064,77.7066711306686,77.7066711306686,4775,79.39742936287178,80.90800828068078,73.57544189693064,77.7066711306686,77.7066711306686,4775
2023-02-28,56.78409333658071,61.10744134700673,53.07236910220443,59.53099946796455,59.53099946796455,28388,56.78409333658071,61.10744134700673,53.07236910220443,59.53099946796455,59.53099946796455,28388,56.78409333658071,61.10744134700673,53.07236910220443,59.53099946796455,59.53099946796455,28388
2023-03-01,98.79954961448965,108.23570881616564,92.78880794648732,94.907327047409,94.907327047409,22029,98.79954961448965,108.23570881616564,92.78880794648732,94.907327047409,94.907327047409,22029,98.79954961448965,108.23570881616564,92.78880794648732,94.907327047409,94.907327047409,22029
2023-03-02,108.3015934534223,112.49886662268352,101.24573482698405,107.78041815911546,107.78041815911546,84981,108.3015934534223,112.49886662268352,101.24573482698405,107.78041815911546,107.78041815911546,84981,108.3015934534223,112.49886662268352,101.24573482698405,107.78041815911546,107.78041815911546,84981
2023-03-03,90.70235476608438,97.08761424272524,83.81830458116302,90.52605685940858,90.52605685940858,54639,90.70235476608438,97.08761424272524,83.81830458116302,90.52605685940858,90.52605685940858,54639,90.70235476608438,97.08761424272524,83.81830458116302,90.52605685940858,90.52605685940858,54639
2023-03-04,174.3106263727894,178.28657035241733,170.56509750258817,171.67759793702544,171.67759793702544,15645,174.3106263727894,178.28657035241733,170.56509750258817,171.67759793702544,171.67759793702544,15645,174.3106263727894,178.28657035241733,170.56509750258817,171.67759793702544,171.67759793702544,15645
2023-03-05,103.51299900403839,106.25515102752509,101.84439698705086,104.59670082834762,104.59670082834762,32105,103.51299900403839,106.25515102752509,101.84439698705086,104.59670082834762,104.59670082834762,32105,103.51299900403839,106.25515102752509,101.84439698705086,104.59670082834762,104.59670082834762,32105
2023-03-06,92.14017645310712,101.9799529327054,87.83488306848504,91.7055458968001,91.7055458968001,14668,92.14017645310712,101.9799529327054,87.83488306848504,91.7055458968001,91.7055458968001,14668,92.14017645310712,101.9799529327054,87.83488306848504,91.7055458968001,91.7055458968001,14668
2023-03-07,131.40441247373727,135.4977525368877,129.97847103291818,132.67096596425972,132.67096596425972,16960,131.40441247373727,135.4977525368877,129.97847103291818,132.67096596425972,132.67096596425972,16960,131.40441247373727,135.4977525368877,129.97847103291818,132.67096596425972,132.67096596425972,16960
2023-03-08,71.1386337462144,80.07962578300574,62.23766339437631,63.705563109752774,63.705563109752774,12357,71.1386337462144,80.07962578300574,62.23766339437631,63.705563109752774,63.705563109752774,12357,71.1386337462144,80.07962578300574,62.23766339437631,63.705563109752774,63.705563109752774,12357
2023-03-09,170.32954711310595,172.6290931720168,166.87077250572736,169.51720488027772,169.51720488027772,65604,170.32954711310595,172.6290931720168,166.87077250572736,169.51720488027772,169.51720488027772,65604,170.32954711310595,172.6290931720168,166.87077250572736,169.51720488027772,169.51720488027772,65604
2023-03-10,61.182596551965624,63.31364359221646,59.63799907973239,60.764449844320815,60.764449844320815,52796,61.182596551965624,63.31364359221646,59.63799907973239,60.764449844320815,60.764449844320815,52796,61.182596551965624,63.31364359221646,59.63799907973239,60.764449844320815,60.764449844320815,52796
2023-03-11,198.03304049007758,198.3443813189227,197.77856289102007,198.24388133506963,198.24388133506963,16804,198.03304049007758,198.3443813189227,197.77856289102007,198.24388133506963,198.24388133506963,16804,198.03304049007758,198.3443813189227,197.77856289102007,198.24388133506963,198.24388133506963,16804
2023-03-12,165.8367153944986,172.35338364825745,159.37849153163376,160.11778436736716,160.11778436736716,15626,165.8367153944986,172.35338364825745,159.37849153163376,160.11778436736716,160.11778436736716,15626,165.8367153944986,172.35338364825745,159.37849153163376,160.11778436736716,160.11778436736716,15626
2023-03-13,79.80735223012586,83.49261566736347,73.43832905557842,77.64712657538561,77.64712657538561,29132,79.80735223012586,83.49261566736347,73.43832905557842,77.64712657538561,77.64712657538561,29132,79.80735223012586,83.49261566736347,73.43832905557842,77.64712657538561,77.64712657538561,29132
2023-03-14,50.828317568540356,59.471900066936726,47.42227590272744,52.946202268574496,52.946202268574496,8951,50.828317568540356,59.471900066936726,47.42227590272744,52.946202268574496,52.946202268574496,8951,50.828317568540356,59.471900066936726,47.42227590272744,52.946202268574496,52.946202268574496,8951
2023-03-15,172.31921426822512,177.0513133351407,171.60209537974862,175.55281150848614,175.55281150848614,7449,172.31921426822512,177.0513133351407,171.60209537974862,175.55281150848614,175.55281150848614,7449,172.31921426822512,177.0513133351407,171.60209537974862,175.55281150848614,175.55281150848614,7449
2023-03-16,156.02860157714258,165.7105358562898,151.93231262819026,159.84497503490715,159.84497503490715,20065,156.02860157714258,165.7105358562898,151.93231262819026,159.84497503490715,159.84497503490715,20065,156.02860157714258,165.7105358562898,151.93231262819026,159.84497503490715,159.84497503490715,20065
2023-03-17,159.3510752061481,161.20633036317932,156.23890025551415,159.55323090749818,159.55323090749818,10130,159.3510752061481,161.20633036317932,156.23890025551415,159.55323090749818,159.55323090749818,10130,159.3510752061481,161.20633036317932,156.23890025551415,159.55323090749818,159.55323090749818,10130
2023-03-18,165.69055200289188,174.37678368244798,158.9193456055418,170.930536821208,170.930536821208,90360,165.69055200289188,174.37678368244798,158.9193456055418,170.930536821208,170.930536821208,90360,165.69055200289188,174.37678368244798,158.9193456055418,170.930536821208,170.930536821208,90360
2023-03-19,61.106697760113555,68.87266628803097,55.048905265586654,66.96779312627831,66.96779312627831,63287,61.106697760113555,68.87266628803097,55.048905265586654,66.96779312627831,66.96779312627831,63287,61.106697760113555,68.87266628803097,55.048905265586654,66.96779312627831,66.96779312627831,63287
2023-03-20,103.76985928164089,111.4790777280814,100.12392199966548,103.68802714428304,103.68802714428304,52702,103.76985928164089,111.4790777280814,100.12392199966548,103.68802714428304,103.68802714428304,52702,103.76985928164089,111.4790777280814,100.12392199966548,103.68802714428304,103.68802714428304,52702
2023-03-21,67.38035892876945,75.82819120993832,65.20143338621955,70.91887037978374,70.91887037978374,37993,67.38035892876945,75.82819120993832,65.20143338621955,70.91887037978374,70.91887037978374,37993,67.38035892876945,75.82819120993832,65.20143338621955,70.91887037978374,70.91887037978374,37993
2023-03-22,179.46551388133904,187.07575379076903,169.5851542197831,184.27914821611358,184.27914821611358,32875,179.46551388133904,187.07575379076903,169.5851542197831,184.27914821611358,184.27914821611358,32875,179.46551388133904,187.07575379076903,169.5851542197831,184.27914821611358,184.27914821611358,32875
2023-03-23,143.4947190241337,149.75692224044786,138.95470281217254,149.64297104241226,149.64297104241226,7054,143.4947190241337,149.75692224044786,138.95470281217254,149.64297104241226,149.64297104241226,7054,143.4947190241337,149.75692224044786,138.95470281217254,149.64297104241226,149.64297104241226,7054
2023-03-24,99.63470372789737,100.94715250472125,92.751961370095,100.0417421420397,100.0417421420397,49517,99.63470372789737,100.94715250472125,92.751961370095,100.0417421420397,100.0417421420397,49517,99.63470372789737,100.94715250472125,92.751961370095,100.0417421420397,100.0417421420397,49517
2023-03-25,59.53375254290354,59.85901433781606,58.12822286711994,58.771155236913046,58.771155236913046,77368,59.53375254290354,59.85901433781606,58.12822286711994,58.771155236913046,58.771155236913046,77368,59.53375254290354,59.85901433781606,58.12822286711994,58.771155236913046,58.771155236913046,77368
2023-03-26,96.64734825734934,105.8558267355062,91.79145126075535,94.53634643901788,94.53634643901788,30670,96.64734825734934,105.8558267355062,91.79145126075535,94.53634643901788,94.53634643901788,30670,96.64734825734934,105.8558267355062,91.79145126075535,94.53634643901788,94.53634643901788,30670
2023-03-27,98.77749830401206,104.94400144921944,98.5021311053174,101.65473437856387,101.65473437856387,50112,98.77749830401206,104.94400144921944,98.5021311053174,101.65473437856387,101.65473437856387,50112,98.77749830401206,104.94400144921944,98.5021311053174,101.65473437856387,101.65473437856387,50112
2023-03-28,159.4409267507096,167.40629966047135,154.3863755716051,164.04249097566694,164.04249097566694,89388,159.4409267507096,167.40629966047135,154.3863755716051,164.04249097566694,164.04249097566694,89388,159.4409267507096,167.40629966047135,154.3863755716051,164.04249097566694,164.04249097566694,89388
2023-03-29,145.63362070328196,150.44884421840746,135.99344663210493,143.11372838855942,143.11372838855942,90156,145.63362070328196,150.44884421840746,135.99344663210493,143.11372838855942,143.11372838855942,90156,145.63362070328196,150.44884421840746,135.99344663210493,143.11372838855942,143.11372838855942,90156
2023-03-30,183.08191138644898,184.25499327607292,179.23984425659097,181.66306828947097,181.66306828947097,29307,183.08191138644898,184.25499327607292,179.23984425659097,181.66306828947097,181.66306828947097,29307,183.08191138644898,184.25499327607292,179.23984425659097,181.66306828947097,181.66306828947097,29307
2023-03-31,120.83223877429239,122.0840966963179,120.44227864854328,121.8185004820691,121.8185004820691,68087,120.83223877429239,122.0840966963179,120.44227864854328,121.8185004820691,121.8185004820691,68087,120.83223877429239,122.0840966963179,120.44227864854328,121.8185004820691,121.8185004820691,68087
2023-04-01,67.93913689074526,74.79478976303497,67.62957898155183,70.21911323579279,70.21911323579279,48922,67.93913689074526,74.79478976303497,67.62957898155183,70.21911323579279,70.21911323579279,48922,67.93913689074526,74.79478976303497,67.62957898155183,70.21911323579279,70.21911323579279,48922
2023-04-02,156.98671808344926,161.28977703244388,153.10685048398057,160.14248715472417,160.14248715472417,64080,156.98671808344926,161.28977703244388,153.10685048398057,160.14248715472417,160.14248715472417,64080,156.98671808344926,161.28977703244388,153.10685048398057,160.14248715472417,160.14248715472417,64080
2023-04-03,164.11775729253463,166.123004559538,162.5175079279027,163.9842412674672,163.9842412674672,94348,164.11775729253463,166.123004559538,162.5175079279027,163.9842412674672,163.9842412674672,94348,164.11775729253463,166.123004559538,162.5175079279027,163.9842412674672,163.9842412674672,94348
2023-04-04,134.19157963542443,139.1075251028388,133.95805867214258,135.64828403127635,135.64828403127635,80335,134.19157963542443,139.1075251028388,133.95805867214258,135.64828403127635,135.64828403127635,80335,134.19157963542443,139.1075251028388,133.95805867214258,135.64828403127635,135.64828403127635,80335
2023-04-05,165.64507699318415,166.28716636393548,158.08294085368237,161.8075764645445,161.8075764645445,27312,165.64507699318415,166.28716636393548,158.08294085368237,161.8075764645445,161.8075764645445,27312,165.64507699318415,166.28716636393548,158.08294085368237,161.8075764645445,161.8075764645445,27312
2023-04-06,124.06933945465862,129.88905347380262,119.48410936583971,127.41732735613802,127.41732735613802,67985,124.06933945465862,129.88905347380262,119.48410936583971,127.41732735613802,127.41732735613802,67985,124.06933945465862,129.88905347380262,119.48410936583971,127.41732735613802,127.41732735613802,67985
2023-04-07,128.40992440729912,131.09985845165008,125.51747668757257,126.22086811015731,126.22086811015731,58608,128.40992440729912,131.09985845165008,125.51747668757257,126.22086811015731,126.22086811015731,58608,128.40992440729912,131.09985845165008,125.51747668757257,126.22086811015731,126.22086811015731,58608
2023-04-08,114.13115275378244,122.10674376015433,105.13032092361763,108.46481658548198,108.46481658548198,90962,114.13115275378244,122.10674376015433,105.13032092361763,108.46481658548198,108.46481658548198,90962,114.13115275378244,122.10674376015433,105.13032092361763,108.46481658548198,108.46481658548198,90962
2023-04-09,53.81286901161428,56.916488600850016,52.651479409609024,56.70940033602079,56.70940033602079,41277,53.81286901161428,56.916488600850016,52.651479409609024,56.70940033602079,56.70940033602079,41277,53.81286901161428,56.916488600850016,52.651479409609024,56.70940033602079,56.70940033602079,41277
2023-04-10,66.18371404899567,70.73591553981367,56.62452575944248,59.10095651661247,59.10095651661247,32551,66.18371404899567,70.73591553981367,56.62452575944248,59.10095651661247,59.10095651661247,32551,66.18371404899567,70.73591553981367,56.62452575944248,59.10095651661247,59.10095651661247,32551
2023-04-11,54.714377853010134,54.83058325209114,51.5747106792366,53.42315848254859,53.42315848254859,90813,54.714377853010134,54.83058325209114,51.5747106792366,53.42315848254859,53.42315848254859,90813,54.714377853010134,54.83058325209114,51.5747106792366,53.42315848254859,53.42315848254859,90813
2023-04-12,145.46156168956708,146.18603056751266,136.57752496648027,142.1438712641606,142.1438712641606,57597,145.46156168956708,146.18603056751266,136.57752496648027,142.1438712641606,142.1438712641606,57597,145.46156168956708,146.18603056751266,136.57752496648027,142.1438712641606,142.1438712641606,57597
2023-04-13,97.15339716144899,101.07833272551584,91.12396839665438,95.99786867622531,95.99786867622531,46212,97.15339716144899,101.07833272551584,91.12396839665438,95.99786867622531,95.99786867622531,46212,97.15339716144899,101.07833272551584,91.12396839665438,95.99786867622531,95.99786867622531,46212
2023-04-14,126.28560367470541,131.08499202187664,118.01853007729054,126.44306933177225,126.44306933177225,10637,126.28560367470541,131.08499202187664,118.01853007729054,126.44306933177225,126.44306933177225,10637,126.28560367470541,131.08499202187664,118.01853007729054,126.44306933177225,126.44306933177225,10637
2023-04-15,186.13497108891394,192.13517657010698,176.2948394568093,179.93537227108902,179.93537227108902,44258,186.13497108891394,192.13517657010698,176.2948394568093,179.93537227108902,179.93537227108902,44258,186.13497108891394,192.13517657010698,176.2948394568093,179.93537227108902,179.93537227108902,44258
2023-04-16,87.39383437233124,90.31046015942428,84.50977999414378,87.71559704893531,87.71559704893531,36693,87.39383437233124,90.31046015942428,84.50977999414378,87.71559704893531,87.71559704893531,36693,87.39383437233124,90.31046015942428,84.50977999414378,87.71559704893531,87.71559704893531,36693
2023-04-17,111.55743845534445,118.50725731660988,101.94608360126853,108.10970953361647,108.10970953361647,10824,111.55743845534445,118.50725731660988,101.94608360126853,108.10970953361647,108.10970953361647,10824,111.55743845534445,118.50725731660988,101.94608360126853,108.10970953361647,108.10970953361647,10824
2023-04-18,163.3326707814573,171.93389475334934,159.4378518324331,167.70607430812447,167.70607430812447,27950,163.3326707814573,171.93389475334934,159.4378518324331,167.70607430812447,167.70607430812447,27950,163.3326707814573,171.93389475334934,159.4378518324331,167.70607430812447,167.70607430812447,27950
2023-04-19,84.31972482374337,92.11823471267687,80.46460577637414,82.11037254791468,82.11037254791468,24488,84.31972482374337,92.11823471267687,80.46460577637414,82.11037254791468,82.11037254791468,24488,84.31972482374337,92.11823471267687,80.46460577637414,82.11037254791468,82.11037254791468,24488
2023-04-20,61.54698647431895,61.94317472780252,58.14311543177389,60.31248346652755,60.31248346652755,1215,61.54698647431895,61.94317472780252,58.14311543177389,60.31248346652755,60.31248346652755,1215,61.54698647431895,61.94317472780252,58.14311543177389,60.31248346652755,60.31248346652755,1215
2023-04-21,93.46271793706521,98.26778740964349,88.04864186358935,89.94194659062072,89.94194659062072,12523,93.46271793706521,98.26778740964349,88.04864186358935,89.94194659062072,89.94194659062072,12523,93.46271793706521,98.26778740964349,88.04864186358935,89.94194659062072,89.94194659062072,12523
2023-04-22,74.18319308810067,75.23249487228242,72.6417426563158,73.36363778954481,73.36363778954481,76900,74.18319308810067,75.23249487228242,72.6417426563158,73.36363778954481,73.36363778954481,76900,74.18319308810067,75.23249487228242,72.6417426563158,73.36363778954481,73.36363778954481,76900
2023-04-23,189.45464785138597,191.87509801001124,183.91753299780586,185.65793045268722,185.65793045268722,69689,189.45464785138597,191.87509801001124,183.91753299780586,185.65793045268722,185.65793045268722,69689,189.45464785138597,191.87509801001124,183.91753299780586,185.65793045268722,185.65793045268722,69689
2023-04-24,171.21805693466254,181.084682867334,165.8010088105625,168.59544184334123,168.59544184334123,24834,171.21805693466254,181.084682867334,165.8010088105625,168.59544184334123,168.59544184334123,24834,171.21805693466254,181.084682867334,165.8010088105625,168.59544184334123,168.59544184334123,24834
2023-04-25,145.0105634765635,146.43551890557865,137.3915453505148,144.85925336055607,144.85925336055607,35474,145.0105634765635,146.43551890557865,137.3915453505148,144.85925336055607,144.85925336055607,35474,145.0105634765635,146.43551890557865,137.3915453505148,144.85925336055607,144.85925336055607,35474
2023-04-26,180.71908852815767,185.70797006267122,172.38258890878183,176.18975114641384,176.18975114641384,44066,180.71908852815767,185.70797006267122,172.38258890878183,176.18975114641384,176.18975114641384,44066,180.71908852815767,185.70797006267122,172.38258890878183,176.18975114641384,176.18975114641384,44066
2023-04-27,170.55081153486717,176.73236887804836,166.14639803174293,175.96090335747644,175.96090335747644,11400,170.55081153486717,176.73236887804836,166.14639803174293,175.96090335747644,175.96090335747644,11400,170.55081153486717,176.73236887804836,166.14639803174293,175.96090335747644,175.96090335747644,11400
2023-04-28,77.98550883290537,85.0101585383464,74.96217633939042,84.70798080035412,84.70798080035412,11345,77.98550883290537,85.0101585383464,74.96217633939042,84.70798080035412,84.70798080035412,11345,77.98550883290537,85.0101585383464,74.96217633939042,84.70798080035412,84.70798080035412,11345
2023-04-29,183.88384977349668,189.48033660836583,181.29050080032573,185.9690302527344,185.9690302527344,34896,183.88384977349668,189.48033660836583,181.29050080032573,185.9690302527344,185.9690302527344,34896,183.88384977349668,189.48033660836583,181.29050080032573,185.9690302527344,185.9690302527344,34896
2023-04-30,130.9013362873476,130.99904476153944,128.95509792029887,129.24738461326533,129.24738461326533,86430,130.9013362873476,130.99904476153944,128.95509792029887,129.24738461326533,129.24738461326533,86430,130.9013362873476,130.99904476153944,128.95509792029887,129.24738461326533,129.24738461326533,86430
2023-05-01,171.11602327460938,174.3806363570493,170.53954745261913,171.97822055443825,171.97822055443825,29899,171.11602327460938,174.3806363570493,170.53954745261913,171.97822055443825,171.97822055443825,29899,171.11602327460938,174.3806363570493,170.53954745261913,171.97822055443825,171.97822055443825,29899
2023-05-02,184.41369498852399,189.5908114223711,180.98921520017686,187.85098602291532,187.85098602291532,29229,184.41369498852399,189.5908114223711,180.98921520017686,187.85098602291532,187.85098602291532,29229,184.41369498852399,189.5908114223711,180.98921520017686,187.85098602291532,187.85098602291532,29229
2023-05-03,97.70052124577958,98.57918623722792,94.99804432447175,96.31372266136685,96.31372266136685,6583,97.70052124577958,98.57918623722792,94.99804432447175,96.31372266136685,96.31372266136685,6583,97.70052124577958,98.57918623722792,94.99804432447175,96.31372266136685,96.31372266136685,6583
2023-05-04,66.50778867915152,70.01405799124332,56.843614820487446,57.989670149021585,57.989670149021585,5897,66.50778867915152,70.01405799124332,56.843614820487446,57.989670149021585,57.989670149021585,5897,66.50778867915152,70.01405799124332,56.843614820487446,57.989670149021585,57.989670149021585,5897
2023-05-05,84.19027438129126,84.52230546920492,78.61318611879082,81.90329460997516,81.90329460997516,72537,84.19027438129126,84.52230546920492,78.61318611879082,81.90329460997516,81.90329460997516,72537,84.19027438129126,84.52230546920492,78.61318611879082,81.90329460997516,81.90329460997516,72537
2023-05-06,114.06616829393845,114.85195326548866,110.59339790363337,114.19239183718751,114.19239183718751,5567,114.06616829393845,114.85195326548866,110.59339790363337,114.19239183718751,114.19239183718751,5567,114.06616829393845,114.85195326548866,110.59339790363337,114.19239183718751,114.19239183718751,5567
2023-05-07,172.702214888374,176.67144765038995,166.89753887843702,174.67685077556771,174.67685077556771,75807,172.702214888374,176.67144765038995,166.89753887843702,174.67685077556771,174.67685077556771,75807,172.702214888374,176.67144765038995,166.89753887843702,174.67685077556771,174.67685077556771,75807
2023-05-08,179.10958748845152,180.43674502888211,177.71762047499456,178.1938021052769,178.1938021052769,78239,179.10958748845152,180.43674502888211,177.71762047499456,178.1938021052769,178.1938021052769,78239,179.10958748845152,180.43674502888211,177.71762047499456,178.1938021052769,178.1938021052769,78239
2023-05-09,51.04281957967861,56.71822806229419,46.60238208765658,53.40796530423955,53.40796530423955,14329,51.04281957967861,56.71822806229419,46.60238208765658,53.40796530423955,53.40796530423955,14329,51.04281957967861,56.71822806229419,46.60238208765658,53.40796530423955,53.40796530423955,14329
2023-05-10,126.61209538663486,133.50674507800753,120.34975217242422,123.2509252020979,123.2509252020979,72792,126.61209538663486,133.50674507800753,120.34975217242422,123.2509252020979,123.2509252020979,72792,126.61209538663486,133.50674507800753,120.34975217242422,123.2509252020979,123.2509252020979,72792
2023-05-11,112.61165047231685,120.61751746340768,107.72267215439234,110.53642455770422,110.53642455770422,1228,112.61165047231685,120.61751746340768,107.72267215439234,110.53642455770422,110.53642455770422,1228,112.61165047231685,120.61751746340768,107.72267215439234,110.53642455770422,110.53642455770422,1228
2023-05-12,83.31617157060954,85.31767401305764,79.2983835640663,84.55967544085513,84.55967544085513,91282,83.31617157060954,85.31767401305764,79.2983835640663,84.55967544085513,84.55967544085513,91282,83.31617157060954,85.31767401305764,79.2983835640663,84.55967544085513,84.55967544085513,91282
2023-05-13,67.97980510005242,69.65463092264311,58.04132121105543,60.94080408459547,60.94080408459547,83214,67.97980510005242,69.65463092264311,58.04132121105543,60.94080408459547,60.94080408459547,83214,67.97980510005242,69.65463092264311,58.04132121105543,60.94080408459547,60.94080408459547,83214
2023-05-14,100.6422757105442,101.6879541138882,91.83912808905492,94.43180540640981,94.43180540640981,38052,100.6422757105442,101.6879541138882,91.83912808905492,94.43180540640981,94.43180540640981,38052,100.6422757105442,101.6879541138882,91.83912808905492,94.43180540640981,94.43180540640981,38052
2023-05-15,191.43645558687788,197.80075808231425,185.20239600528348,185.2106276586721,185.2106276586721,58769,191.43645558687788,197.80075808231425,185.20239600528348,185.2106276586721,185.2106276586721,58769,191.43645558687788,197.80075808231425,185.20239600528348,185.2106276586721,185.2106276586721,58769
2023-05-16,98.48043980311328,105.5451970679823,92.78666619129046,103.89512394656035,103.89512394656035,47032,98.48043980311328,105.5451970679823,92.78666619129046,103.89512394656035,103.89512394656035,47032,98.48043980311328,105.5451970679823,92.78666619129046,103.89512394656035,103.89512394656035,47032
2023-05-17,127.81859326150492,128.13445470976134,121.61198846325908,126.78166137956843,126.78166137956843,89721,127.81859326150492,128.13445470976134,121.61198846325908,126.78166137956843,126.78166137956843,89721,127.81859326150492,128.13445470976134,121.61198846325908,126.78166137956843,126.78166137956843,89721
2023-05-18,155.45284383427668,164.81496629671358,153.43972275605233,160.57574217281245,160.57574217281245,34686,155.45284383427668,164.81496629671358,153.43972275605233,160.57574217281245,160.57574217281245,34686,155.45284383427668,164.81496629671358,153.43972275605233,160.57574217281245,160.57574217281245,34686
2023-05-19,104.5444403568941,105.06415319340883,100.59306292425092,103.9475688806802,103.9475688806802,77981,104.5444403568941,105.06415319340883,100.59306292425092,103.9475688806802,103.9475688806802,77981,104.5444403568941,105.06415319340883,100.59306292425092,103.9475688806802,103.9475688806802,77981
2023-05-20,195.7673124081441,201.1802757611548,195.37271707923512,196.25574805705466,196.25574805705466,99802,195.7673124081441,201.1802757611548,195.37271707923512,196.25574805705466,196.25574805705466,99802,195.7673124081441,201.1802757611548,195.37271707923512,196.25574805705466,196.25574805705466,99802
2023-05-21,194.3670942413167,201.45769943582584,189.61163386644841,195.0409652199256,195.0409652199256,64261,194.3670942413167,201.45769943582584,189.61163386644841,195.0409652199256,195.0409652199256,64261,194.3670942413167,201.45769943582584,189.61163386644841,195.0409652199256,195.0409652199256,64261
2023-05-22,87.76734437380463,96.47703561126549,82.337098534228,87.30331857157542,87.30331857157542,3809,87.76734437380463,96.47703561126549,82.337098534228,87.30331857157542,87.30331857157542,3809,87.76734437380463,96.47703561126549,82.337098534228,87.30331857157542,87.30331857157542,3809
2023-05-23,124.58727588385781,131.7281452051821,122.30977852282572,123.19300023331192,123.19300023331192,42785,124.58727588385781,131.7281452051821,122.30977852282572,123.19300023331192,123.19300023331192,42785,124.58727588385781,131.7281452051821,122.30977852282572,123.19300023331192,123.19300023331192,42785
2023-05-24,95.13174647251546,103.14902730321337,85.49145800086032,94.07534073352936,94.07534073352936,37547,95.13174647251546,103.14902730321337,85.49145800086032,94.07534073352936,94.07534073352936,37547,95.13174647251546,103.14902730321337,85.49145800086032,94.07534073352936,94.07534073352936,37547
2023-05-25,92.72607415662014,96.1205760820482,83.63152804724773,95.13068976792229,95.13068976792229,43818,92.72607415662014,96.1205760820482,83.63152804724773,95.13068976792229,95.13068976792229,43818,92.72607415662014,96.1205760820482,83.63152804724773,95.13068976792229,95.13068976792229,43818
2023-05-26,55.53304210317992,63.68129324064505,48.31160974862087,48.92730572939936,48.92730572939936,72927,55.53304210317992,63.68129324064505,48.31160974862087,48.92730572939936,48.92730572939936,72927,55.53304210317992,63.68129324064505,48.31160974862087,48.92730572939936,48.92730572939936,72927
2023-05-27,141.4346500969845,142.23579856083126,136.1007838093309,137.8889008131011,137.8889008131011,66681,141.4346500969845,142.23579856083126,136.1007838093309,137.8889008131011,137.8889008131011,66681,141.4346500969845,142.23579856083126,136.1007838093309,137.8889008131011,137.8889008131011,66681
2023-05-28,125.40185348432922,134.3500200449345,116.70216188785237,120.36481489179866,120.36481489179866,80465,125.40185348432922,134.3500200449345,116.70216188785237,120.36481489179866,120.36481489179866,80465,125.40185348432922,134.3500200449345,116.70216188785237,120.36481489179866,120.36481489179866,80465
2023-05-29,57.7218126874984,63.19773644903576,56.41528924926377,58.03050635355374,58.03050635355374,90862,57.7218126874984,63.19773644903576,56.41528924926377,58.03050635355374,58.03050635355374,90862,57.7218126874984,63.19773644903576,56.41528924926377,58.03050635355374,58.03050635355374,90862
2023-05-30,91.7969696354917,99.96994733511664,83.89187169274285,98.49775113400538,98.49775113400538,96527,91.7969696354917,99.96994733511664,83.89187169274285,98.49775113400538,98.49775113400538,96527,91.7969696354917,99.96994733511664,83.89187169274285,98.49775113400538,98.49775113400538,96527
2023-05-31,186.23988289499806,190.76306574018105,184.99167475532957,187.69308427522532,187.69308427522532,38333,186.23988289499806,190.76306574018105,184.99167475532957,187.69308427522532,187.69308427522532,38333,186.23988289499806,190.76306574018105,184.99167475532957,187.69308427522532,187.69308427522532,38333
2023-06-01,85.93428360004586,92.37006055201111,77.99217697455181,84.69657564603814,84.69657564603814,17576,85.93428360004586,92.37006055201111,77.99217697455181,84.69657564603814,84.69657564603814,17576,85.93428360004586,92.37006055201111,77.99217697455181,84.69657564603814,84.69657564603814,17576
2023-06-02,71.73423081368347,76.9982574230446,68.9765551311699,75.07766650539752,75.07766650539752,40405,71.73423081368347,76.9982574230446,68.9765551311699,75.07766650539752,75.07766650539752,40405,71.73423081368347,76.9982574230446,68.9765551311699,75.07766650539752,75.07766650539752,40405
2023-06-03,123.41791404163445,130.73380925918775,114.64700823145256,117.13229357761608,117.13229357761608,95000,123.41791404163445,130.73380925918775,114.64700823145256,117.13229357761608,117.13229357761608,95000,123.41791404163445,130.73380925918775,114.64700823145256,117.13229357761608,117.13229357761608,95000
2023-06-04,197.8475681165901,198.663867936896,188.40714717833612,193.40489185066113,193.40489185066113,74779,197.8475681165901,198.663867936896,188.40714717833612,193.40489185066113,193.40489185066113,74779,197.8475681165901,198.663867936896,188.40714717833612,193.40489185066113,193.40489185066113,74779
2023-06-05,86.30829072672506,86.9118115666307,84.8203310326739,85.71963673789735,85.71963673789735,32601,86.30829072672506,86.9118115666307,84.8203310326739,85.71963673789735,85.71963673789735,32601,86.30829072672506,86.9118115666307,84.8203310326739,85.71963673789735,85.71963673789735,32601
2023-06-06,150.8203321108818,153.29136445098325,146.19357606022785,150.4303218299077,150.4303218299077,68946,150.8203321108818,153.29136445098325,146.19357606022785,150.4303218299077,150.4303218299077,68946,150.8203321108818,153.29136445098325,146.19357606022785,150.4303218299077,150.4303218299077,68946
2023-06-07,164.24294229930763,165.8383891004395,154.43306851768077,165.83334456421807,165.83334456421807,68356,164.24294229930763,165.8383891004395,154.43306851768077,165.83334456421807,165.83334456421807,68356,164.24294229930763,165.8383891004395,154.43306851768077,165.83334456421807,165.83334456421807,68356
2023-06-08,85.64563159885995,94.36346726478197,80.81155723912849,91.23905942106697,91.23905942106697,53116,85.64563159885995,94.36346726478197,80.81155723912849,91.23905942106697,91.23905942106697,53116,85.64563159885995,94.36346726478197,80.81155723912849,91.23905942106697,91.23905942106697,53116
2023-06-09,159.23245229177894,161.42459216535937,150.59697706663349,154.90491375989018,154.90491375989018,63894,159.23245229177894,161.42459216535937,150.59697706663349,154.90491375989018,154.90491375989018,63894,159.23245229177894,161.42459216535937,150.59697706663349,154.90491375989018,154.90491375989018,63894
2023-06-10,105.16746990788798,114.92612246607929,99.28015468657478,112.22802307828513,112.22802307828513,35635,105.16746990788798,114.92612246607929,99.28015468657478,112.22802307828513,112.22802307828513,35635,105.16746990788798,114.92612246607929,99.28015468657478,112.22802307828513,112.22802307828513,35635
2023-06-11,144.84587458903692,148.214832506748,141.0925755098409,142.3084043448738,142.3084043448738,8465,144.84587458903692,148.214832506748,141.0925755098409,142.3084043448738,142.3084043448738,8465,144.84587458903692,148.214832506748,141.0925755098409,142.3084043448738,142.3084043448738,8465
2023-06-12,145.0294566141342,146.8506357710212,142.1716210588755,142.31416109530133,142.31416109530133,57754,145.0294566141342,146.8506357710212,142.1716210588755,142.31416109530133,142.31416109530133,57754,145.0294566141342,146.8506357710212,142.1716210588755,142.31416109530133,142.31416109530133,57754
2023-06-13,130.36620261121377,138.26318768263855,128.3339717003529,130.36398374777744,130.36398374777744,98975,130.36620261121377,138.26318768263855,128.3339717003529,130.36398374777744,130.36398374777744,98975,130.36620261121377,138.26318768263855,128.3339717003529,130.36398374777744,130.36398374777744,98975
2023-06-14,63.54346550816125,70.13054326317001,55.925483594384275,60.76105006093154,60.76105006093154,93850,63.54346550816125,70.13054326317001,55.925483594384275,60.76105006093154,60.76105006093154,93850,63.54346550816125,70.13054326317001,55.925483594384275,60.76105006093154,60.76105006093154,93850
2023-06-15,175.2953743383857,180.2773315029171,171.42996927015542,175.947262180478,175.947262180478,86119,175.2953743383857,180.2773315029171,171.42996927015542,175.947262180478,175.947262180478,86119,175.2953743383857,180.2773315029171,171.42996927015542,175.947262180478,175.947262180478,86119
2023-06-16,98.11700974576038,103.67064525513669,93.00425512375287,99.56546251794813,99.56546251794813,93691,98.11700974576038,103.67064525513669,93.00425512375287,99.56546251794813,99.56546251794813,93691,98.11700974576038,103.67064525513669,93.00425512375287,99.56546251794813,99.56546251794813,93691
2023-06-17,77.97777655997814,85.16979434270078,73.05452175996632,84.08675823941546,84.08675823941546,39871,77.97777655997814,85.16979434270078,73.05452175996632,84.08675823941546,84.08675823941546,39871,77.97777655997814,85.16979434270078,73.05452175996632,84.08675823941546,84.08675823941546,39871
2023-06-18,56.11627123321459,58.400818646527576,50.343480940883275,54.45154687640811,54.45154687640811,63874,56.11627123321459,58.400818646527576,50.343480940883275,54.45154687640811,54.45154687640811,63874,56.11627123321459,58.400818646527576,50.343480940883275,54.45154687640811,54.45154687640811,63874
2023-06-19,138.63394147823627,148.59728063880368,129.97817002199073,139.3114766987914,139.3114766987914,78733,138.63394147823627,148.59728063880368,129.97817002199073,139.3114766987914,139.3114766987914,78733,138.63394147823627,148.59728063880368,129.97817002199073,139.3114766987914,139.3114766987914,78733
2023-06-20,151.63465427634236,161.3825858978102,141.82726084050807,142.8097792294537,142.8097792294537,30511,151.63465427634236,161.3825858978102,141.82726084050807,142.8097792294537,142.8097792294537,30511,151.63465427634236,161.3825858978102,141.82726084050807,142.8097792294537,142.8097792294537,30511
2023-06-21,52.48817433917842,58.99143120264779,48.412332253440255,48.78166502346092,48.78166502346092,81960,52.48817433917842,58.99143120264779,48.412332253440255,48.78166502346092,48.78166502346092,81960,52.48817433917842,58.99143120264779,48.412332253440255,48.78166502346092,48.78166502346092,81960
2023-06-22,126.81395874489215,128.8093832541836,118.53876952382912,124.19952059630906,124.19952059630906,49821,126.81395874489215,128.8093832541836,118.53876952382912,124.19952059630906,124.19952059630906,49821,126.81395874489215,128.8093832541836,118.53876952382912,124.19952059630906,124.19952059630906,49821
2023-06-23,83.97436627969068,90.7766487040036,76.3290883331435,82.65970030126871,82.65970030126871,66776,83.97436627969068,90.7766487040036,76.3290883331435,82.65970030126871,82.65970030126871,66776,83.97436627969068,90.7766487040036,76.3290883331435,82.65970030126871,82.65970030126871,66776
2023-06-24,146.77591856141748,147.49790265120924,141.04062904686174,146.45944646065394,146.45944646065394,71167,146.77591856141748,147.49790265120924,141.04062904686174,146.45944646065394,146.45944646065394,71167,146.77591856141748,147.49790265120924,141.04062904686174,146.45944646065394,146.45944646065394,71167
2023-06-25,76.15496435074871,76.46148937280677,66.59449291462938,68.17991780788257,68.17991780788257,76135,76.15496435074871,76.46148937280677,66.59449291462938,68.17991780788257,68.17991780788257,76135,76.15496435074871,76.46148937280677,66.59449291462938,68.17991780788257,68.17991780788257,76135
2023-06-26,153.6406607153699,156.21748960048205,151.63591556008586,151.7503250789869,151.7503250789869,45462,153.6406607153699,156.21748960048205,151.63591556008586,151.7503250789869,151.7503250789869,45462,153.6406607153699,156.21748960048205,151.63591556008586,151.7503250789869,151.7503250789869,45462
2023-06-27,108.01030194508061,112.63653151247378,106.9176598419844,109.48565493085145,109.48565493085145,62382,108.01030194508061,112.63653151247378,106.9176598419844,109.48565493085145,109.48565493085145,62382,108.01030194508061,112.63653151247378,106.9176598419844,109.48565493085145,109.48565493085145,62382
2023-06-28,190.50949831051017,199.19222336459399,181.96987864095595,186.05981620981538,186.05981620981538,91194,190.50949831051017,199.19222336459399,181.96987864095595,186.05981620981538,186.05981620981538,91194,190.50949831051017,199.19222336459399,181.96987864095595,186.05981620981538,186.05981620981538,91194
2023-06-29,70.62814162189899,77.89983231956207,66.2366434555615,66.8153052621814,66.8153052621814,33574,70.62814162189899,77.89983231956207,66.2366434555615,66.8153052621814,66.8153052621814,33574,70.62814162189899,77.89983231956207,66.2366434555615,66.8153052621814,66.8153052621814,33574
2023-06-30,101.15995265753878,108.58701786953858,92.69026411546818,104.20902465210621,104.20902465210621,42910,101.15995265753878,108.58701786953858,92.69026411546818,104.20902465210621,104.20902465210621,42910,101.15995265753878,108.58701786953858,92.69026411546818,104.20902465210621,104.20902465210621,42910
2023-07-01,67.02102818608836,71.2759615305691,58.09012613413421,59.56157306296484,59.56157306296484,74531,67.02102818608836,71.2759615305691,58.09012613413421,59.56157306296484,59.56157306296484,74531,67.02102818608836,71.2759615305691,58.09012613413421,59.56157306296484,59.56157306296484,74531
2023-07-02,188.7040427417844,192.16339266725404,188.07946680559368,190.56379854382772,190.56379854382772,26186,188.7040427417844,192.16339266725404,188.07946680559368,190.56379854382772,190.56379854382772,26186,188.7040427417844,192.16339266725404,188.07946680559368,190.56379854382772,190.56379854382772,26186
2023-07-03,181.60090300714714,185.31129063699316,172.76625537728654,176.2920344028619,176.2920344028619,95781,181.60090300714714,185.31129063699316,172.76625537728654,176.2920344028619,176.2920344028619,95781,181.60090300714714,185.31129063699316,172.76625537728654,176.2920344028619,176.2920344028619,95781
2023-07-04,88.69124415727333,98.56773979463391,84.20805360357912,86.69940244206467,86.69940244206467,23813,88.69124415727333,98.56773979463391,84.20805360357912,86.69940244206467,86.69940244206467,23813,88.69124415727333,98.56773979463391,84.20805360357912,86.69940244206467,86.69940244206467,23813
2023-07-05,148.99760690512687,149.3986988192517,143.89328201508454,145.9839724307726,145.9839724307726,79812,148.99760690512687,149.3986988192517,143.89328201508454,145.9839724307726,145.9839724307726,79812,148.99760690512687,149.3986988192517,143.89328201508454,145.9839724307726,145.9839724307726,79812
2023-07-06,172.58333003018237,181.25364499140684,166.31740491925027,178.2879914377322,178.2879914377322,86525,172.58333003018237,181.25364499140684,166.31740491925027,178.2879914377322,178.2879914377322,86525,172.58333003018237,181.25364499140684,166.31740491925027,178.2879914377322,178.2879914377322,86525
2023-07-07,133.28012173991937,139.0668758256433,124.0162956726185,129.91753147930697,129.91753147930697,79282,133.28012173991937,139.0668758256433,124.0162956726185,129.91753147930697,129.91753147930697,79282,133.28012173991937,139.0668758256433,124.0162956726185,129.91753147930697,129.91753147930697,79282
2023-07-08,129.44758675340097,133.83374094529688,129.25642580910332,132.69293508823182,132.69293508823182,19557,129.44758675340097,133.83374094529688,129.25642580910332,132.69293508823182,132.69293508823182,19557,129.44758675340097,133.83374094529688,129.25642580910332,132.69293508823182,132.69293508823182,19557
2023-07-09,86.27784363506775,93.53042023921913,81.50940895188958,83.01788114211736,83.01788114211736,29060,86.27784363506775,93.53042023921913,81.50940895188958,83.01788114211736,83.01788114211736,29060,86.27784363506775,93.53042023921913,81.50940895188958,83.01788114211736,83.01788114211736,29060
2023-07-10,63.96541517088488,68.83210458513192,57.088194746579276,66.16355262493629,66.16355262493629,59866,63.96541517088488,68.83210458513192,57.088194746579276,66.16355262493629,66.16355262493629,59866,63.96541517088488,68.83210458513192,57.088194746579276,66.16355262493629,66.16355262493629,59866
2023-07-11,184.58236369299902,193.31659607381562,177.35529411601675,181.13705845871704,181.13705845871704,73104,184.58236369299902,193.31659607381562,177.35529411601675,181.13705845871704,181.13705845871704,73104,184.58236369299902,193.31659607381562,177.35529411601675,181.13705845871704,181.13705845871704,73104
2023-07-12,185.06270857449957,194.06972721461216,178.13738425912848,188.9298439202065,188.9298439202065,85577,185.06270857449957,194.06972721461216,178.13738425912848,188.9298439202065,188.9298439202065,85577,185.06270857449957,194.06972721461216,178.13738425912848,188.9298439202065,188.9298439202065,85577
2023-07-13,144.9652185909902,149.18242785972475,143.62086729690898,146.76749567948124,146.76749567948124,7080,144.9652185909902,149.18242785972475,143.62086729690898,146.76749567948124,146.76749567948124,7080,144.9652185909902,149.18242785972475,143.62086729690898,146.76749567948124,146.76749567948124,7080
2023-07-14,100.8544686573051,103.62274662965562,97.8605127735883,103.21446192029158,103.21446192029158,14854,100.8544686573051,103.62274662965562,97.8605127735883,103.21446192029158,103.21446192029158,14854,100.8544686573051,103.62274662965562,97.8605127735883,103.21446192029158,103.21446192029158,14854
2023-07-15,102.38143619189913,108.30493947783275,98.79428093772898,102.4779731510854,102.4779731510854,68695,102.38143619189913,108.30493947783275,98.79428093772898,102.4779731510854,102.4779731510854,68695,102.38143619189913,108.30493947783275,98.79428093772898,102.4779731510854,102.4779731510854,68695
2023-07-16,158.8933518305359,168.0169852867028,150.84897975374085,151.98490408173998,151.98490408173998,28025,158.8933518305359,168.0169852867028,150.84897975374085,151.98490408173998,151.98490408173998,28025,158.8933518305359,168.0169852867028,150.84897975374085,151.98490408173998,151.98490408173998,28025
2023-07-17,184.56653899288656,186.67316088294322,181.77894026874102,181.87269144100102,181.87269144100102,53982,184.56653899288656,186.67316088294322,181.77894026874102,181.87269144100102,181.87269144100102,53982,184.56653899288656,186.67316088294322,181.77894026874102,181.87269144100102,181.87269144100102,53982
2023-07-18,183.0629636397676,189.2926294754024,180.95591400109555,187.8491985614202,187.8491985614202,42081,183.0629636397676,189.2926294754024,180.95591400109555,187.8491985614202,187.8491985614202,42081,183.0629636397676,189.2926294754024,180.95591400109555,187.8491985614202,187.8491985614202,42081
2023-07-19,166.98133187864357,173.29693407956879,157.4068516882626,165.74494420435735,165.74494420435735,5368,166.98133187864357,173.29693407956879,157.4068516882626,165.74494420435735,165.74494420435735,5368,166.98133187864357,173.29693407956879,157.4068516882626,165.74494420435735,165.74494420435735,5368
2023-07-20,146.30474692314317,153.635877147296,146.21611407200848,151.96824126214972,151.96824126214972,28094,146.30474692314317,153.635877147296,146.21611407200848,151.96824126214972,151.96824126214972,28094,146.30474692314317,153.635877147296,146.21611407200848,151.96824126214972,151.96824126214972,28094
2023-07-21,62.62099474925732,63.93667160052992,52.64278619243754,55.290362055690885,55.290362055690885,47040,62.62099474925732,63.93667160052992,52.64278619243754,55.290362055690885,55.290362055690885,47040,62.62099474925732,63.93667160052992,52.64278619243754,55.290362055690885,55.290362055690885,47040
2023-07-22,74.24430711419207,81.40255676101296,67.47609412561812,72.28189001359027,72.28189001359027,67766,74.24430711419207,81.40255676101296,67.47609412561812,72.28189001359027,72.28189001359027,67766,74.24430711419207,81.40255676101296,67.47609412561812,72.28189001359027,72.28189001359027,67766
2023-07-23,184.78312827906188,193.8734534857183,176.49843528457072,177.0214906121674,177.0214906121674,84053,184.78312827906188,193.8734534857183,176.49843528457072,177.0214906121674,177.0214906121674,84053,184.78312827906188,193.8734534857183,176.49843528457072,177.0214906121674,177.0214906121674,84053
2023-07-24,140.9643589489385,142.76119003764092,138.01816498547657,142.57854716839532,142.57854716839532,24991,140.9643589489385,142.76119003764092,138.01816498547657,142.57854716839532,142.57854716839532,24991,140.9643589489385,142.76119003764092,138.01816498547657,142.57854716839532,142.57854716839532,24991
2023-07-25,51.37955774249445,53.75499099173322,51.23640496582385,52.918487742793864,52.918487742793864,2301,51.37955774249445,53.75499099173322,51.23640496582385,52.918487742793864,52.918487742793864,2301,51.37955774249445,53.75499099173322,51.23640496582385,52.918487742793864,52.918487742793864,2301
2023-07-26,65.22073142990482,74.93468237032121,57.84203624428952,73.79298057237169,73.79298057237169,29610,65.22073142990482,74.93468237032121,57.84203624428952,73.79298057237169,73.79298057237169,29610,65.22073142990482,74.93468237032121,57.84203624428952,73.79298057237169,73.79298057237169,29610
2023-07-27,149.52526536620837,151.33503489330326,141.1838193962016,143.87893064172042,143.87893064172042,82463,149.52526536620837,151.33503489330326,141.1838193962016,143.87893064172042,143.87893064172042,82463,149.52526536620837,151.33503489330326,141.1838193962016,143.87893064172042,143.87893064172042,82463
2023-07-28,50.759237576932804,59.3030885106286,43.354476257397614,53.10647229979605,53.10647229979605,35678,50.759237576932804,59.3030885106286,43.354476257397614,53.10647229979605,53.10647229979605,35678,50.759237576932804,59.3030885106286,43.354476257397614,53.10647229979605,53.10647229979605,35678
2023-07-29,74.1212077126248,79.04398627710515,72.69270483961641,77.00204909357014,77.00204909357014,25466,74.1212077126248,79.04398627710515,72.69270483961641,77.00204909357014,77.00204909357014,25466,74.1212077126248,79.04398627710515,72.69270483961641,77.00204909357014,77.00204909357014,25466
2023-07-30,132.31006840498793,134.7823791490197,124.77578918241824,127.95337882691312,127.95337882691312,81440,132.31006840498793,134.7823791490197,124.77578918241824,127.95337882691312,127.95337882691312,81440,132.31006840498793,134.7823791490197,124.77578918241824,127.95337882691312,127.95337882691312,81440
2023-07-31,153.78427965390398,162.4917786666291,146.09505183282758,160.00126728460324,160.00126728460324,41875,153.78427965390398,162.4917786666291,146.09505183282758,160.00126728460324,160.00126728460324,41875,153.78427965390398,162.4917786666291,146.09505183282758,160.00126728460324,160.00126728460324,41875
2023-08-01,147.79418892539007,152.24724147541673,141.20878376868953,151.6639855183558,151.6639855183558,27081,147.79418892539007,152.24724147541673,141.20878376868953,151.6639855183558,151.6639855183558,27081,147.79418892539007,152.24724147541673,141.20878376868953,151.6639855183558,151.6639855183558,27081
2023-08-02,83.64039641908397,88.78856995838088,75.97923709112811,87.31364083298836,87.31364083298836,25354,83.64039641908397,88.78856995838088,75.97923709112811,87.31364083298836,87.31364083298836,25354,83.64039641908397,88.78856995838088,75.97923709112811,87.31364083298836,87.31364083298836,25354
2023-08-03,156.82688320213038,160.41921689612803,148.36766880535305,157.27457000819004,157.27457000819004,94297,156.82688320213038,160.41921689612803,148.36766880535305,157.27457000819004,157.27457000819004,94297,156.82688320213038,160.41921689612803,148.36766880535305,157.27457000819004,157.27457000819004,94297
2023-08-04,85.58736312452001,91.51687163886929,79.45132198214543,82.79908585335384,82.79908585335384,19300,85.58736312452001,91.51687163886929,79.45132198214543,82.79908585335384,82.79908585335384,19300,85.58736312452001,91.51687163886929,79.45132198214543,82.79908585335384,82.79908585335384,19300
2023-08-05,98.80995472389016,100.44519344974039,97.92390758419337,98.63394213066559,98.63394213066559,65384,98.80995472389016,100.44519344974039,97.92390758419337,98.63394213066559,98.63394213066559,65384,98.80995472389016,100.44519344974039,97.92390758419337,98.63394213066559,98.63394213066559,65384
2023-08-06,161.9737107677036,165.8845261342212,157.0974326710315,165.56256984551922,165.56256984551922,96027,161.9737107677036,165.8845261342212,157.0974326710315,165.56256984551922,165.56256984551922,96027,161.9737107677036,165.8845261342212,157.0974326710315,165.56256984551922,165.56256984551922,96027
2023-08-07,147.44493485708222,157.1390580804351,146.66844151036616,146.77612652392523,146.77612652392523,61892,147.44493485708222,157.1390580804351,146.66844151036616,146.77612652392523,146.77612652392523,61892,147.44493485708222,157.1390580804351,146.66844151036616,146.77612652392523,146.77612652392523,61892
2023-08-08,177.3835115741267,179.96484590113795,173.30808126380236,178.07465740424576,178.07465740424576,36525,177.3835115741267,179.96484590113795,173.30808126380236,178.07465740424576,178.07465740424576,36525,177.3835115741267,179.96484590113795,173.30808126380236,178.07465740424576,178.07465740424576,36525
2023-08-09,148.6419338450515,155.20930049046444,144.57086895379524,152.08422040217474,152.08422040217474,27532,148.6419338450515,155.20930049046444,144.57086895379524,152.08422040217474,152.08422040217474,27532,148.6419338450515,155.20930049046444,144.57086895379524,152.08422040217474,152.08422040217474,27532
2023-08-10,135.24629050032075,138.4981911425677,134.58619205891833,137.02215297251198,137.02215297251198,7464,135.24629050032075,138.4981911425677,134.58619205891833,137.02215297251198,137.02215297251198,7464,135.24629050032075,138.4981911425677,134.58619205891833,137.02215297251198,137.02215297251198,7464
2023-08-11,64.05121517421387,71.78594643107988,60.56300983451907,71.67493863784595,71.67493863784595,17562,64.05121517421387,71.78594643107988,60.56300983451907,71.67493863784595,71.67493863784595,17562,64.05121517421387,71.78594643107988,60.56300983451907,71.67493863784595,71.67493863784595,17562
2023-08-12,105.15737045891503,106.46610706609853,104.04738947100188,104.80173774983241,104.80173774983241,56514,105.15737045891503,106.46610706609853,104.04738947100188,104.80173774983241,104.80173774983241,56514,105.15737045891503,106.46610706609853,104.04738947100188,104.80173774983241,104.80173774983241,56514
2023-08-13,89.78035515225882,99.47856560304427,81.6980030521666,87.74289404188092,87.74289404188092,75219,89.78035515225882,99.47856560304427,81.6980030521666,87.74289404188092,87.74289404188092,75219,89.78035515225882,99.47856560304427,81.6980030521666,87.74289404188092,87.74289404188092,75219
2023-08-14,86.59844650686253,91.13634192069892,77.12156624721783,78.22788427131233,78.22788427131233,33634,86.59844650686253,91.13634192069892,77.12156624721783,78.22788427131233,78.22788427131233,33634,86.59844650686253,91.13634192069892,77.12156624721783,78.22788427131233,78.22788427131233,33634
2023-08-15,195.95158321286684,198.31208784633148,195.22841846028746,196.59386151814473,196.59386151814473,1060,195.95158321286684,198.31208784633148,195.22841846028746,196.59386151814473,196.59386151814473,1060,195.95158321286684,198.31208784633148,195.22841846028746,196.59386151814473,196.59386151814473,1060
2023-08-16,108.96465870001407,109.6996261733142,99.41350662709705,102.0986829753125,102.0986829753125,10269,108.96465870001407,109.6996261733142,99.41350662709705,102.0986829753125,102.0986829753125,10269,108.96465870001407,109.6996261733142,99.41350662709705,102.0986829753125,102.0986829753125,10269
2023-08-17,183.806983276567,185.50456232744241,178.58121728319955,180.95860190598003,180.95860190598003,64143,183.806983276567,185.50456232744241,178.58121728319955,180.95860190598003,180.95860190598003,64143,183.806983276567,185.50456232744241,178.58121728319955,180.95860190598003,180.95860190598003,64143
2023-08-18,144.67079389958943,149.8685333851496,141.6751371200507,148.51311450928804,148.51311450928804,24065,144.67079389958943,149.8685333851496,141.6751371200507,148.51311450928804,148.51311450928804,24065,144.67079389958943,149.8685333851496,141.6751371200507,148.51311450928804,148.51311450928804,24065
2023-08-19,169.22169553124726,172.59172729556013,168.45307477848561,172.32472011508042,172.32472011508042,3895,169.22169553124726,172.59172729556013,168.45307477848561,172.32472011508042,172.32472011508042,3895,169.22169553124726,172.59172729556013,168.45307477848561,172.32472011508042,172.32472011508042,3895
2023-08-20,125.39556396577882,133.6843976246049,120.38932128507464,122.85865665615906,122.85865665615906,81859,125.39556396577882,133.6843976246049,120.38932128507464,122.85865665615906,122.85865665615906,81859,125.39556396577882,133.6843976246049,120.38932128507464,122.85865665615906,122.85865665615906,81859
2023-08-21,136.53558269395387,140.84445793057193,128.59042724904637,133.15516312544486,133.15516312544486,13352,136.53558269395387,140.84445793057193,128.59042724904637,133.15516312544486,133.15516312544486,13352,136.53558269395387,140.84445793057193,128.59042724904637,133.15516312544486,133.15516312544486,13352
2023-08-22,123.87765407282959,126.36479679870588,116.8067893001626,125.68264717623799,125.68264717623799,50737,123.87765407282959,126.36479679870588,116.8067893001626,125.68264717623799,125.68264717623799,50737,123.87765407282959,126.36479679870588,116.8067893001626,125.68264717623799,125.68264717623799,50737
2023-08-23,79.28644816970667,85.45789803574698,78.78418805506693,79.19667979605907,79.19667979605907,97426,79.28644816970667,85.45789803574698,78.78418805506693,79.19667979605907,79.19667979605907,97426,79.28644816970667,85.45789803574698,78.78418805506693,79.19667979605907,79.19667979605907,97426
2023-08-24,158.3678172892258,165.43558945808024,157.63879893554676,158.35891462578175,158.35891462578175,33016,158.3678172892258,165.43558945808024,157.63879893554676,158.35891462578175,158.35891462578175,33016,158.3678172892258,165.43558945808024,157.63879893554676,158.35891462578175,158.35891462578175,33016
2023-08-25,92.11585436612836,93.78627344513787,88.08712153980198,89.01489211610819,89.01489211610819,62304,92.11585436612836,93.78627344513787,88.08712153980198,89.01489211610819,89.01489211610819,62304,92.11585436612836,93.78627344513787,88.08712153980198,89.01489211610819,89.01489211610819,62304
2023-08-26,53.647394964718075,55.32358712760125,50.69449002423864,53.449788030579604,53.449788030579604,12962,53.647394964718075,55.32358712760125,50.69449002423864,53.449788030579604,53.449788030579604,12962,53.647394964718075,55.32358712760125,50.69449002423864,53.449788030579604,53.449788030579604,12962
2023-08-27,146.82084438607518,147.1875586554106,144.4970011555147,144.90185545279627,144.90185545279627,34302,146.82084438607518,147.1875586554106,144.4970011555147,144.90185545279627,144.90185545279627,34302,146.82084438607518,147.1875586554106,144.4970011555147,144.90185545279627,144.90185545279627,34302
2023-08-28,76.56660191105735,83.93062206171375,73.75655692197022,83.60582908709719,83.60582908709719,86382,76.56660191105735,83.93062206171375,73.75655692197022,83.60582908709719,83.60582908709719,86382,76.56660191105735,83.93062206171375,73.75655692197022,83.60582908709719,83.60582908709719,86382
2023-08-29,191.06878765293715,197.7068329291552,183.0339602199683,189.58854561577718,189.58854561577718,5011,191.06878765293715,197.7068329291552,183.0339602199683,189.58854561577718,189.58854561577718,5011,191.06878765293715,197.7068329291552,183.0339602199683,189.58854561577718,189.58854561577718,5011
2023-08-30,193.0892865503881,197.83559530788622,183.79700601406955,190.83761068289817,190.83761068289817,20782,193.0892865503881,197.83559530788622,183.79700601406955,190.83761068289817,190.83761068289817,20782,193.0892865503881,197.83559530788622,183.79700601406955,190.83761068289817,190.83761068289817,20782
2023-08-31,187.22965853306727,195.67136302275924,183.1786315877916,186.26007143116942,186.26007143116942,68691,187.22965853306727,195.67136302275924,183.1786315877916,186.26007143116942,186.26007143116942,68691,187.22965853306727,195.67136302275924,183.1786315877916,186.26007143116942,186.26007143116942,68691
2023-09-01,105.52380503831665,113.58050656781718,96.46269501699169,104.52450386609866,104.52450386609866,40725,105.52380503831665,113.58050656781718,96.46269501699169,104.52450386609866,104.52450386609866,40725,105.52380503831665,113.58050656781718,96.46269501699169,104.52450386609866,104.52450386609866,40725
2023-09-02,52.31849247933012,58.17203612329764,49.1035354668513,55.10609967893082,55.10609967893082,10196,52.31849247933012,58.17203612329764,49.1035354668513,55.10609967893082,55.10609967893082,10196,52.31849247933012,58.17203612329764,49.1035354668513,55.10609967893082,55.10609967893082,10196
2023-09-03,189.2477843881588,197.9304971932914,184.4834145247209,194.584555584082,194.584555584082,44459,189.2477843881588,197.9304971932914,184.4834145247209,194.584555584082,194.584555584082,44459,189.2477843881588,197.9304971932914,184.4834145247209,194.584555584082,194.584555584082,44459
2023-09-04,114.22762224759715,116.28603434796483,111.96733226943715,115.22306392517213,115.22306392517213,88245,114.22762224759715,116.28603434796483,111.96733226943715,115.22306392517213,115.22306392517213,88245,114.22762224759715,116.28603434796483,111.96733226943715,115.22306392517213,115.22306392517213,88245
2023-09-05,194.99822285655043,196.1174190505277,188.593462434792,192.94149009532154,192.94149009532154,79863,194.99822285655043,196.1174190505277,188.593462434792,192.94149009532154,192.94149009532154,79863,194.99822285655043,196.1174190505277,188.593462434792,192.94149009532154,192.94149009532154,79863
2023-09-06,194.54299656338793,197.2404926785578,184.75318541163983,196.04620380182894,196.04620380182894,33769,194.54299656338793,197.2404926785578,184.75318541163983,196.04620380182894,196.04620380182894,33769,194.54299656338793,197.2404926785578,184.75318541163983,196.04620380182894,196.04620380182894,33769
2023-09-07,177.951418320104,178.52228688099717,171.9164873596702,177.31611972613382,177.31611972613382,25700,177.951418320104,178.52228688099717,171.9164873596702,177.31611972613382,177.31611972613382,25700,177.951418320104,178.52228688099717,171.9164873596702,177.31611972613382,177.31611972613382,25700
2023-09-08,94.16733381043785,99.47902909044818,90.58919296930236,97.31922664479555,97.31922664479555,81356,94.16733381043785,99.47902909044818,90.58919296930236,97.31922664479555,97.31922664479555,81356,94.16733381043785,99.47902909044818,90.58919296930236,97.31922664479555,97.31922664479555,81356
2023-09-09,107.76465929028879,117.1307162132384,101.2864848303835,102.16751158205307,102.16751158205307,77427,107.76465929028879,117.1307162132384,101.2864848303835,102.16751158205307,102.16751158205307,77427,107.76465929028879,117.1307162132384,101.2864848303835,102.16751158205307,102.16751158205307,77427
2023-09-10,177.67050072752852,178.0639361342136,176.44129394287464,176.45245441456268,176.45245441456268,6269,177.67050072752852,178.0639361342136,176.44129394287464,176.45245441456268,176.45245441456268,6269,177.67050072752852,178.0639361342136,176.44129394287464,176.45245441456268,176.45245441456268,6269
2023-09-11,97.53830077344165,98.75939991354191,88.65170997078766,90.79906117786187,90.79906117786187,44880,97.53830077344165,98.75939991354191,88.65170997078766,90.79906117786187,90.79906117786187,44880,97.53830077344165,98.75939991354191,88.65170997078766,90.79906117786187,90.79906117786187,44880
2023-09-12,75.42391200291388,79.94590228574823,70.39307249511552,76.73160044983963,76.73160044983963,9320,75.42391200291388,79.94590228574823,70.39307249511552,76.73160044983963,76.73160044983963,9320,75.42391200291388,79.94590228574823,70.39307249511552,76.73160044983963,76.73160044983963,9320
2023-09-13,133.52018936875254,142.85893954403159,129.02669194835613,134.71447742529952,134.71447742529952,50589,133.52018936875254,142.85893954403159,129.02669194835613,134.71447742529952,134.71447742529952,50589,133.52018936875254,142.85893954403159,129.02669194835613,134.71447742529952,134.71447742529952,50589
2023-09-14,190.42321612411715,193.58477717388465,184.56456823958194,188.1943567749329,188.1943567749329,77276,190.42321612411715,193.58477717388465,184.56456823958194,188.1943567749329,188.1943567749329,77276,190.42321612411715,193.58477717388465,184.56456823958194,188.1943567749329,188.1943567749329,77276
2023-09-15,154.40446950124596,159.47681758812988,148.15663087335193,158.17031961355556,158.17031961355556,36897,154.40446950124596,159.47681758812988,148.15663087335193,158.17031961355556,158.17031961355556,36897,154.40446950124596,159.47681758812988,148.15663087335193,158.17031961355556,158.17031961355556,36897
2023-09-16,135.50917551340473,135.92490410390866,134.7914174511396,135.80652598621288,135.80652598621288,59565,135.50917551340473,135.92490410390866,134.7914174511396,135.80652598621288,135.80652598621288,59565,135.50917551340473,135.92490410390866,134.7914174511396,135.80652598621288,135.80652598621288,59565
2023-09-17,64.57647406561529,66.05990607523617,57.75030185338126,65.30518846596699,65.30518846596699,31930,64.57647406561529,66.05990607523617,57.75030185338126,65.30518846596699,65.30518846596699,31930,64.57647406561529,66.05990607523617,57.75030185338126,65.30518846596699,65.30518846596699,31930
2023-09-18,142.25108400487545,152.1173852344639,139.83176720172017,143.68795335863612,143.68795335863612,58233,142.25108400487545,152.1173852344639,139.83176720172017,143.68795335863612,143.68795335863612,58233,142.25108400487545,152.1173852344639,139.83176720172017,143.68795335863612,143.68795335863612,58233
2023-09-19,198.50807751563949,208.15926447999993,191.36855119057358,202.97187120927003,202.97187120927003,83821,198.50807751563949,208.15926447999993,191.36855119057358,202.97187120927003,202.97187120927003,83821,198.50807751563949,208.15926447999993,191.36855119057358,202.97187120927003,202.97187120927003,83821
2023-09-20,71.01260228547861,71.0620020948227,62.78725434163664,65.03495039807751,65.03495039807751,15380,71.01260228547861,71.0620020948227,62.78725434163664,65.03495039807751,65.03495039807751,15380,71.01260228547861,71.0620020948227,62.78725434163664,65.03495039807751,65.03495039807751,15380
2023-09-21,127.74944785456051,137.26756570879292,119.70986277903532,123.0565336036472,123.0565336036472,77896,127.74944785456051,137.26756570879292,119.70986277903532,123.0565336036472,123.0565336036472,77896,127.74944785456051,137.26756570879292,119.70986277903532,123.0565336036472,123.0565336036472,77896
2023-09-22,181.60596078919332,187.9971601673483,176.08095111511443,178.28107007469333,178.28107007469333,71934,181.60596078919332,187.9971601673483,176.08095111511443,178.28107007469333,178.28107007469333,71934,181.60596078919332,187.9971601673483,176.08095111511443,178.28107007469333,178.28107007469333,71934
2023-09-23,161.11529266313067,169.79447560833088,155.91359374002317,160.66234921147853,160.66234921147853,56830,161.11529266313067,169.79447560833088,155.91359374002317,160.66234921147853,160.66234921147853,56830,161.11529266313067,169.79447560833088,155.91359374002317,160.66234921147853,160.66234921147853,56830
2023-09-24,154.5523611492902,159.09975970562877,153.12360153589609,155.69309627798208,155.69309627798208,6529,154.5523611492902,159.09975970562877,153.12360153589609,155.69309627798208,155.69309627798208,6529,154.5523611492902,159.09975970562877,153.12360153589609,155.69309627798208,155.69309627798208,6529
2023-09-25,155.37261259806638,160.52857288385889,147.61915109403503,158.3462244290894,158.3462244290894,95598,155.37261259806638,160.52857288385889,147.61915109403503,158.3462244290894,158.3462244290894,95598,155.37261259806638,160.52857288385889,147.61915109403503,158.3462244290894,158.3462244290894,95598
2023-09-26,103.92367268296327,108.81213848553247,101.20957887849613,102.1210580629752,102.1210580629752,83987,103.92367268296327,108.81213848553247,101.20957887849613,102.1210580629752,102.1210580629752,83987,103.92367268296327,108.81213848553247,101.20957887849613,102.1210580629752,102.1210580629752,83987
2023-09-27,94.03877663967401,100.70741921513506,89.07182241149455,97.62312325235537,97.62312325235537,50178,94.03877663967401,100.70741921513506,89.07182241149455,97.62312325235537,97.62312325235537,50178,94.03877663967401,100.70741921513506,89.07182241149455,97.62312325235537,97.62312325235537,50178
2023-09-28,171.40417332177702,172.80068586934016,168.56143239250184,170.81440448526166,170.81440448526166,7937,171.40417332177702,172.80068586934016,168.56143239250184,170.81440448526166,170.81440448526166,7937,171.40417332177702,172.80068586934016,168.56143239250184,170.81440448526166,170.81440448526166,7937
2023-09-29,171.5170092018771,171.81674510060387,170.17872557188016,170.65038566638847,170.65038566638847,40886,171.5170092018771,171.81674510060387,170.17872557188016,170.65038566638847,170.65038566638847,40886,171.5170092018771,171.81674510060387,170.17872557188016,170.65038566638847,170.65038566638847,40886
2023-09-30,180.06084778701555,183.14014720292747,173.76527081809817,178.38539350311635,178.38539350311635,50699,180.06084778701555,183.14014720292747,173.76527081809817,178.38539350311635,178.38539350311635,50699,180.06084778701555,183.14014720292747,173.76527081809817,178.38539350311635,178.38539350311635,50699
2023-10-01,186.9860828834707,194.03289051083715,186.44276253524166,188.71936123011426,188.71936123011426,77396,186.9860828834707,194.03289051083715,186.44276253524166,188.71936123011426,188.71936123011426,77396,186.9860828834707,194.03289051083715,186.44276253524166,188.71936123011426,188.71936123011426,77396
2023-10-02,126.70135982914067,128.71989435037017,119.21490748787868,124.88065864138701,124.88065864138701,91678,126.70135982914067,128.71989435037017,119.21490748787868,124.88065864138701,124.88065864138701,91678,126.70135982914067,128.71989435037017,119.21490748787868,124.88065864138701,124.88065864138701,91678
2023-10-03,125.22744420307994,131.96176853632912,122.05157625046877,126.3510529480162,126.3510529480162,26279,125.22744420307994,131.96176853632912,122.05157625046877,126.3510529480162,126.3510529480162,26279,125.22744420307994,131.96176853632912,122.05157625046877,126.3510529480162,126.3510529480162,26279
2023-10-04,169.74427684501626,179.44339730608897,169.7429299149714,171.3377403887205,171.3377403887205,39106,169.74427684501626,179.44339730608897,169.7429299149714,171.3377403887205,171.3377403887205,39106,169.74427684501626,179.44339730608897,169.7429299149714,171.3377403887205,171.3377403887205,39106
2023-10-05,147.49458961666477,148.43359677455896,142.38329822429247,143.08866063126243,143.08866063126243,80737,147.49458961666477,148.43359677455896,142.38329822429247,143.08866063126243,143.08866063126243,80737,147.49458961666477,148.43359677455896,142.38329822429247,143.08866063126243,143.08866063126243,80737
2023-10-06,155.2950315886555,162.02105277090675,154.82651250337946,158.7597366021307,158.7597366021307,41544,155.2950315886555,162.02105277090675,154.82651250337946,158.7597366021307,158.7597366021307,41544,155.2950315886555,162.02105277090675,154.82651250337946,158.7597366021307,158.7597366021307,41544
2023-10-07,169.36890041541517,173.80640260846087,166.60720483720618,173.10385473519068,173.10385473519068,9997,169.36890041541517,173.80640260846087,166.60720483720618,173.10385473519068,173.10385473519068,9997,169.36890041541517,173.80640260846087,166.60720483720618,173.10385473519068,173.10385473519068,9997
2023-10-08,183.50080127263493,192.18222381641,176.43103639807777,181.84877838302384,181.84877838302384,86711,183.50080127263493,192.18222381641,176.43103639807777,181.84877838302384,181.84877838302384,86711,183.50080127263493,192.18222381641,176.43103639807777,181.84877838302384,181.84877838302384,86711
2023-10-09,100.69927352773037,102.47077142220422,100.07237731151172,101.83040045181143,101.83040045181143,41860,100.69927352773037,102.47077142220422,100.07237731151172,101.83040045181143,101.83040045181143,41860,100.69927352773037,102.47077142220422,100.07237731151172,101.83040045181143,101.83040045181143,41860
2023-10-10,106.3374428959916,113.26370241825325,97.94405797243158,108.03451574031195,108.03451574031195,4225,106.3374428959916,113.26370241825325,97.94405797243158,108.03451574031195,108.03451574031195,4225,106.3374428959916,113.26370241825325,97.94405797243158,108.03451574031195,108.03451574031195,4225
2023-10-11,64.09729097613035,72.47844387261145,64.05909174954452,71.90218059508948,71.90218059508948,60470,64.09729097613035,72.47844387261145,64.05909174954452,71.90218059508948,71.90218059508948,60470,64.09729097613035,72.47844387261145,64.05909174954452,71.90218059508948,71.90218059508948,60470
2023-10-12,136.74202114942608,146.1881633441663,134.27378245740707,144.0552629983081,144.0552629983081,64656,136.74202114942608,146.1881633441663,134.27378245740707,144.0552629983081,144.0552629983081,64656,136.74202114942608,146.1881633441663,134.27378245740707,144.0552629983081,144.0552629983081,64656
2023-10-13,55.39134106951131,62.22382135240777,47.9823005079906,56.05162111324914,56.05162111324914,52880,55.39134106951131,62.22382135240777,47.9823005079906,56.05162111324914,56.05162111324914,52880,55.39134106951131,62.22382135240777,47.9823005079906,56.05162111324914,56.05162111324914,52880
2023-10-14,119.83970271986902,124.8114503599533,116.67700122257595,122.02158239216699,122.02158239216699,62078,119.83970271986902,124.8114503599533,116.67700122257595,122.02158239216699,122.02158239216699,62078,119.83970271986902,124.8114503599533,116.67700122257595,122.02158239216699,122.02158239216699,62078
2023-10-15,131.39669520613649,137.57516760814863,130.37777132547635,136.84381474047137,136.84381474047137,89646,131.39669520613649,137.57516760814863,130.37777132547635,136.84381474047137,136.84381474047137,89646,131.39669520613649,137.57516760814863,130.37777132547635,136.84381474047137,136.84381474047137,89646
2023-10-16,92.98118781924266,101.67023766402984,89.37884863123838,94.2894894385044,94.2894894385044,77290,92.98118781924266,101.67023766402984,89.37884863123838,94.2894894385044,94.2894894385044,77290,92.98118781924266,101.67023766402984,89.37884863123838,94.2894894385044,94.2894894385044,77290
2023-10-17,138.62498908535161,144.3310865517399,135.92105622150635,138.66940960953002,138.66940960953002,57633,138.62498908535161,144.3310865517399,135.92105622150635,138.66940960953002,138.66940960953002,57633,138.62498908535161,144.3310865517399,135.92105622150635,138.66940960953002,138.66940960953002,57633
2023-10-18,54.57503749085741,54.87890808782578,46.14791846925186,46.242309928236295,46.242309928236295,27655,54.57503749085741,54.87890808782578,46.14791846925186,46.242309928236295,46.242309928236295,27655,54.57503749085741,54.87890808782578,46.14791846925186,46.242309928236295,46.242309928236295,27655
2023-10-19,55.60222831238217,64.91171526745194,52.46874913653073,62.753496158171664,62.753496158171664,44601,55.60222831238217,64.91171526745194,52.46874913653073,62.753496158171664,62.753496158171664,44601,55.60222831238217,64.91171526745194,52.46874913653073,62.753496158171664,62.753496158171664,44601
2023-10-20,173.39008409894873,180.28535160926435,165.50075938118866,177.34293241921088,177.34293241921088,4114,173.39008409894873,180.28535160926435,165.50075938118866,177.34293241921088,177.34293241921088,4114,173.39008409894873,180.28535160926435,165.50075938118866,177.34293241921088,177.34293241921088,4114
2023-10-21,104.02859621168943,110.7937300694619,95.10987476358208,96.74812431151027,96.74812431151027,27502,104.02859621168943,110.7937300694619,95.10987476358208,96.74812431151027,96.74812431151027,27502,104.02859621168943,110.7937300694619,95.10987476358208,96.74812431151027,96.74812431151027,27502
2023-10-22,69.05907689778272,71.2158284217599,64.72090270201743,68.46754854335948,68.46754854335948,50768,69.05907689778272,71.2158284217599,64.72090270201743,68.46754854335948,68.46754854335948,50768,69.05907689778272,71.2158284217599,64.72090270201743,68.46754854335948,68.46754854335948,50768
2023-10-23,128.33648900822067,134.92534371054722,119.23705756967675,126.51613521464587,126.51613521464587,49128,128.33648900822067,134.92534371054722,119.23705756967675,126.51613521464587,126.51613521464587,49128,128.33648900822067,134.92534371054722,119.23705756967675,126.51613521464587,126.51613521464587,49128
2023-10-24,165.49903296479164,169.43767702133323,161.7258524251597,162.6413161476964,162.6413161476964,21028,165.49903296479164,169.43767702133323,161.7258524251597,162.6413161476964,162.6413161476964,21028,165.49903296479164,169.43767702133323,161.7258524251597,162.6413161476964,162.6413161476964,21028
2023-10-25,82.37315412452648,88.8854838949414,72.7323699596254,88.57160025268809,88.57160025268809,56565,82.37315412452648,88.8854838949414,72.7323699596254,88.57160025268809,88.57160025268809,56565,82.37315412452648,88.8854838949414,72.7323699596254,88.57160025268809,88.57160025268809,56565
2023-10-26,143.43357137285005,144.49950167592996,142.54067612759434,142.96122791708015,142.96122791708015,84123,143.43357137285005,144.49950167592996,142.54067612759434,142.96122791708015,142.96122791708015,84123,143.43357137285005,144.49950167592996,142.54067612759434,142.96122791708015,142.96122791708015,84123
2023-10-27,62.8021197490652,69.38057279509556,55.93192708403277,56.83613575174452,56.83613575174452,36333,62.8021197490652,69.38057279509556,55.93192708403277,56.83613575174452,56.83613575174452,36333,62.8021197490652,69.38057279509556,55.93192708403277,56.83613575174452,56.83613575174452,36333
2023-10-28,57.75225817529115,67.74639543299782,52.814117770721865,61.69654400812161,61.69654400812161,4174,57.75225817529115,67.74639543299782,52.814117770721865,61.69654400812161,61.69654400812161,4174,57.75225817529115,67.74639543299782,52.814117770721865,61.69654400812161,61.69654400812161,4174
2023-10-29,129.7031947352222,130.18531512382776,125.82670668066574,129.04713721798885,129.04713721798885,36398,129.7031947352222,130.18531512382776,125.82670668066574,129.04713721798885,129.04713721798885,36398,129.7031947352222,130.18531512382776,125.82670668066574,129.04713721798885,129.04713721798885,36398
2023-10-30,131.09526824151598,140.86701008372916,124.76814945402997,125.29045197029079,125.29045197029079,36929,131.09526824151598,140.86701008372916,124.76814945402997,125.29045197029079,125.29045197029079,36929,131.09526824151598,140.86701008372916,124.76814945402997,125.29045197029079,125.29045197029079,36929
2023-10-31,145.61448522473097,149.68356483195967,138.57591430838767,145.89271963308,145.89271963308,5321,145.61448522473097,149.68356483195967,138.57591430838767,145.89271963308,145.89271963308,5321,145.61448522473097,149.68356483195967,138.57591430838767,145.89271963308,145.89271963308,5321
2023-11-01,158.91370005839923,167.62123456177181,158.87006736189613,163.5282425674828,163.5282425674828,96971,158.91370005839923,167.62123456177181,158.87006736189613,163.5282425674828,163.5282425674828,96971,158.91370005839923,167.62123456177181,158.87006736189613,163.5282425674828,163.5282425674828,96971
2023-11-02,196.37781191938018,204.2016667599629,194.7082810319082,195.68861559337003,195.68861559337003,56421,196.37781191938018,204.2016667599629,194.7082810319082,195.68861559337003,195.68861559337003,56421,196.37781191938018,204.2016667599629,194.7082810319082,195.68861559337003,195.68861559337003,56421
2023-11-03,127.4450522451793,133.11521485504596,120.31459173883611,122.52300486617386,122.52300486617386,73635,127.4450522451793,133.11521485504596,120.31459173883611,122.52300486617386,122.52300486617386,73635,127.4450522451793,133.11521485504596,120.31459173883611,122.52300486617386,122.52300486617386,73635
2023-11-04,98.44347094118689,105.82796303370016,91.77961680540483,99.75871638287387,99.75871638287387,24760,98.44347094118689,105.82796303370016,91.77961680540483,99.75871638287387,99.75871638287387,24760,98.44347094118689,105.82796303370016,91.77961680540483,99.75871638287387,99.75871638287387,24760
2023-11-05,169.27792921530556,178.06308482831903,159.6174541640188,165.08395724743835,165.08395724743835,12360,169.27792921530556,178.06308482831903,159.6174541640188,165.08395724743835,165.08395724743835,12360,169.27792921530556,178.06308482831903,159.6174541640188,165.08395724743835,165.08395724743835,12360
2023-11-06,90.62483768931114,94.66624090582147,83.0144597868033,93.94750927758048,93.94750927758048,11313,90.62483768931114,94.66624090582147,83.0144597868033,93.94750927758048,93.94750927758048,11313,90.62483768931114,94.66624090582147,83.0144597868033,93.94750927758048,93.94750927758048,11313
2023-11-07,115.84571310584542,119.1160447214778,106.33798602853204,116.79989673515513,116.79989673515513,86998,115.84571310584542,119.1160447214778,106.33798602853204,116.79989673515513,116.79989673515513,86998,115.84571310584542,119.1160447214778,106.33798602853204,116.79989673515513,116.79989673515513,86998
2023-11-08,61.76845720133989,68.44439105697575,54.74305218599182,68.21923978482255,68.21923978482255,6801,61.76845720133989,68.44439105697575,54.74305218599182,68.21923978482255,68.21923978482255,6801,61.76845720133989,68.44439105697575,54.74305218599182,68.21923978482255,68.21923978482255,6801
2023-11-09,53.80261151231863,61.881070931731216,50.8220894259242,53.69378443147422,53.69378443147422,15130,53.80261151231863,61.881070931731216,50.8220894259242,53.69378443147422,53.69378443147422,15130,53.80261151231863,61.881070931731216,50.8220894259242,53.69378443147422,53.69378443147422,15130
2023-11-10,194.39726220168876,202.02011354945492,193.3436129791802,201.75742063216072,201.75742063216072,15271,194.39726220168876,202.02011354945492,193.3436129791802,201.75742063216072,201.75742063216072,15271,194.39726220168876,202.02011354945492,193.3436129791802,201.75742063216072,201.75742063216072,15271
2023-11-11,175.39701807683088,183.37515456541723,167.5787794433815,174.39071141593607,174.39071141593607,17075,175.39701807683088,183.37515456541723,167.5787794433815,174.39071141593607,174.39071141593607,17075,175.39701807683088,183.37515456541723,167.5787794433815,174.39071141593607,174.39071141593607,17075
2023-11-12,154.3961309140547,158.75196406218404,147.95463869929554,151.7069122020172,151.7069122020172,19984,154.3961309140547,158.75196406218404,147.95463869929554,151.7069122020172,151.7069122020172,19984,154.3961309140547,158.75196406218404,147.95463869929554,151.7069122020172,151.7069122020172,19984
2023-11-13,111.34294166214048,119.52128382389068,110.86108153820751,111.29711862675057,111.29711862675057,89095,111.34294166214048,119.52128382389068,110.86108153820751,111.29711862675057,111.29711862675057,89095,111.34294166214048,119.52128382389068,110.86108153820751,111.29711862675057,111.29711862675057,89095
2023-11-14,75.99414801062687,77.19623856433296,72.39364335161709,72.64705352641133,72.64705352641133,61942,75.99414801062687,77.19623856433296,72.39364335161709,72.64705352641133,72.64705352641133,61942,75.99414801062687,77.19623856433296,72.39364335161709,72.64705352641133,72.64705352641133,61942
2023-11-15,73.4655564006629,78.9104473802714,63.89755824582004,74.28664651113962,74.28664651113962,13861,73.4655564006629,78.9104473802714,63.89755824582004,74.28664651113962,74.28664651113962,13861,73.4655564006629,78.9104473802714,63.89755824582004,74.28664651113962,74.28664651113962,13861
2023-11-16,87.5364347246893,87.59402132967051,82.53242326758729,84.85027577838629,84.85027577838629,99970,87.5364347246893,87.59402132967051,82.53242326758729,84.85027577838629,84.85027577838629,99970,87.5364347246893,87.59402132967051,82.53242326758729,84.85027577838629,84.85027577838629,99970
2023-11-17,132.3839997059181,135.62985800492078,128.05670834572103,129.77219052073775,129.77219052073775,83203,132.3839997059181,135.62985800492078,128.05670834572103,129.77219052073775,129.77219052073775,83203,132.3839997059181,135.62985800492078,128.05670834572103,129.77219052073775,129.77219052073775,83203
2023-11-18,157.18938840500937,160.85400375372333,152.61239235341642,157.67249702947638,157.67249702947638,72376,157.18938840500937,160.85400375372333,152.61239235341642,157.67249702947638,157.67249702947638,72376,157.18938840500937,160.85400375372333,152.61239235341642,157.67249702947638,157.67249702947638,72376
2023-11-19,149.0296065076597,152.99133342375225,146.94077926760806,148.47071100590108,148.47071100590108,62247,149.0296065076597,152.99133342375225,146.94077926760806,148.47071100590108,148.47071100590108,62247,149.0296065076597,152.99133342375225,146.94077926760806,148.47071100590108,148.47071100590108,62247
2023-11-20,91.99008454189143,98.94475660879006,88.30301283324349,94.45002195959628,94.45002195959628,70101,91.99008454189143,98.94475660879006,88.30301283324349,94.45002195959628,94.45002195959628,70101,91.99008454189143,98.94475660879006,88.30301283324349,94.45002195959628,94.45002195959628,70101
2023-11-21,193.2297920994791,197.11537311218257,189.53165953960735,192.2557957894877,192.2557957894877,21977,193.2297920994791,197.11537311218257,189.53165953960735,192.2557957894877,192.2557957894877,21977,193.2297920994791,197.11537311218257,189.53165953960735,192.2557957894877,192.2557957894877,21977
2023-11-22,160.68453750436527,165.17147373059058,160.16098730249055,164.28738455676063,164.28738455676063,51617,160.68453750436527,165.17147373059058,160.16098730249055,164.28738455676063,164.28738455676063,51617,160.68453750436527,165.17147373059058,160.16098730249055,164.28738455676063,164.28738455676063,51617
2023-11-23,133.15310787671012,135.5285491854534,125.47743159153094,133.72634521227852,133.72634521227852,58473,133.15310787671012,135.5285491854534,125.47743159153094,133.72634521227852,133.72634521227852,58473,133.15310787671012,135.5285491854534,125.47743159153094,133.72634521227852,133.72634521227852,58473
2023-11-24,141.75811193515284,145.49062985144624,137.59306761611404,141.36297209334631,141.36297209334631,87654,141.75811193515284,145.49062985144624,137.59306761611404,141.36297209334631,141.36297209334631,87654,141.75811193515284,145.49062985144624,137.59306761611404,141.36297209334631,141.36297209334631,87654
2023-11-25,112.94000936416849,115.21270563680001,104.71821049600426,108.39987993421887,108.39987993421887,89177,112.94000936416849,115.21270563680001,104.71821049600426,108.39987993421887,108.39987993421887,89177,112.94000936416849,115.21270563680001,104.71821049600426,108.39987993421887,108.39987993421887,89177
2023-11-26,87.15964842517363,87.89160766285806,78.65616841397467,82.0045673891837,82.0045673891837,73902,87.15964842517363,87.89160766285806,78.65616841397467,82.0045673891837,82.0045673891837,73902,87.15964842517363,87.89160766285806,78.65616841397467,82.0045673891837,82.0045673891837,73902
2023-11-27,103.39590179768925,109.43038773150303,101.27596125070266,107.84610111477708,107.84610111477708,93172,103.39590179768925,109.43038773150303,101.27596125070266,107.84610111477708,107.84610111477708,93172,103.39590179768925,109.43038773150303,101.27596125070266,107.84610111477708,107.84610111477708,93172
2023-11-28,163.67691656965536,170.35904455520551,157.10338174795407,161.45361831217738,161.45361831217738,16630,163.67691656965536,170.35904455520551,157.10338174795407,161.45361831217738,161.45361831217738,16630,163.67691656965536,170.35904455520551,157.10338174795407,161.45361831217738,161.45361831217738,16630
2023-11-29,52.15902329446338,58.353926754559524,47.43620525283357,49.71865727229016,49.71865727229016,21056,52.15902329446338,58.353926754559524,47.43620525283357,49.71865727229016,49.71865727229016,21056,52.15902329446338,58.353926754559524,47.43620525283357,49.71865727229016,49.71865727229016,21056
2023-11-30,67.41089607603743,72.04583651404316,58.60932869682258,59.74724426445759,59.74724426445759,8382,67.41089607603743,72.04583651404316,58.60932869682258,59.74724426445759,59.74724426445759,8382,67.41089607603743,72.04583651404316,58.60932869682258,59.74724426445759,59.74724426445759,8382
2023-12-01,56.90039630326291,60.698254105055206,54.742989511498365,57.52227053035782,57.52227053035782,56739,56.90039630326291,60.698254105055206,54.742989511498365,57.52227053035782,57.52227053035782,56739,56.90039630326291,60.698254105055206,54.742989511498365,57.52227053035782,57.52227053035782,56739
2023-12-02,56.10932034784552,64.74265684356376,49.33118834474507,56.76155199951755,56.76155199951755,82685,56.10932034784552,64.74265684356376,49.33118834474507,56.76155199951755,56.76155199951755,82685,56.10932034784552,64.74265684356376,49.33118834474507,56.76155199951755,56.76155199951755,82685
2023-12-03,178.3190876016511,183.50990545301326,172.24156637912387,181.7172108581309,181.7172108581309,49639,178.3190876016511,183.50990545301326,172.24156637912387,181.7172108581309,181.7172108581309,49639,178.3190876016511,183.50990545301326,172.24156637912387,181.7172108581309,181.7172108581309,49639
2023-12-04,155.54867890700353,160.34049768330084,152.59566413128522,154.3091210105249,154.3091210105249,60838,155.54867890700353,160.34049768330084,152.59566413128522,154.3091210105249,154.3091210105249,60838,155.54867890700353,160.34049768330084,152.59566413128522,154.3091210105249,154.3091210105249,60838
2023-12-05,121.12607436309878,121.38249502116314,119.76006532658705,120.37819688236102,120.37819688236102,47041,121.12607436309878,121.38249502116314,119.76006532658705,120.37819688236102,120.37819688236102,47041,121.12607436309878,121.38249502116314,119.76006532658705,120.37819688236102,120.37819688236102,47041
2023-12-06,64.67512409765023,68.08760237391179,58.15872649287746,66.18528673586877,66.18528673586877,1992,64.67512409765023,68.08760237391179,58.15872649287746,66.18528673586877,66.18528673586877,1992,64.67512409765023,68.08760237391179,58.15872649287746,66.18528673586877,66.18528673586877,1992
2023-12-07,123.74238126752485,127.54433745538341,116.35640668620154,125.57105062312465,125.57105062312465,73394,123.74238126752485,127.54433745538341,116.35640668620154,125.57105062312465,125.57105062312465,73394,123.74238126752485,127.54433745538341,116.35640668620154,125.57105062312465,125.57105062312465,73394
2023-12-08,121.02076561708485,125.00899342605385,117.86449217945135,120.61234649123878,120.61234649123878,68657,121.02076561708485,125.00899342605385,117.86449217945135,120.61234649123878,120.61234649123878,68657,121.02076561708485,125.00899342605385,117.86449217945135,120.61234649123878,120.61234649123878,68657
2023-12-09,75.98028048650228,81.78200417877561,69.53195444627914,75.15624656492486,75.15624656492486,28160,75.98028048650228,81.78200417877561,69.53195444627914,75.15624656492486,75.15624656492486,28160,75.98028048650228,81.78200417877561,69.53195444627914,75.15624656492486,75.15624656492486,28160
2023-12-10,115.07774738569596,120.41377285296474,111.12643830958092,113.9431558401864,113.9431558401864,46156,115.07774738569596,120.41377285296474,111.12643830958092,113.9431558401864,113.9431558401864,46156,115.07774738569596,120.41377285296474,111.12643830958092,113.9431558401864,113.9431558401864,46156
2023-12-11,109.775710159606,115.85476108754045,102.64364132677983,114.96373550905892,114.96373550905892,52375,109.775710159606,115.85476108754045,102.64364132677983,114.96373550905892,114.96373550905892,52375,109.775710159606,115.85476108754045,102.64364132677983,114.96373550905892,114.96373550905892,52375
2023-12-12,142.37751470783246,150.02634732325373,140.38536195889193,141.52920476797928,141.52920476797928,87442,142.37751470783246,150.02634732325373,140.38536195889193,141.52920476797928,141.52920476797928,87442,142.37751470783246,150.02634732325373,140.38536195889193,141.52920476797928,141.52920476797928,87442
2023-12-13,145.26404763014656,153.3939050173075,136.36189760378483,152.2655246987184,152.2655246987184,20572,145.26404763014656,153.3939050173075,136.36189760378483,152.2655246987184,152.2655246987184,20572,145.26404763014656,153.3939050173075,136.36189760378483,152.2655246987184,152.2655246987184,20572
2023-12-14,56.795601465806676,63.97683222807162,53.921505501150875,60.798006111935265,60.798006111935265,5136,56.795601465806676,63.97683222807162,53.921505501150875,60.798006111935265,60.798006111935265,5136,56.795601465806676,63.97683222807162,53.921505501150875,60.798006111935265,60.798006111935265,5136
2023-12-15,106.19189219397069,115.74712915352004,102.51403231640916,109.54837808882417,109.54837808882417,62868,106.19189219397069,115.74712915352004,102.51403231640916,109.54837808882417,109.54837808882417,62868,106.19189219397069,115.74712915352004,102.51403231640916,109.54837808882417,109.54837808882417,62868
2023-12-16,143.87898735713546,144.06131318389907,143.29806783633197,143.32299471253165,143.32299471253165,83263,143.87898735713546,144.06131318389907,143.29806783633197,143.32299471253165,143.32299471253165,83263,143.87898735713546,144.06131318389907,143.29806783633197,143.32299471253165,143.32299471253165,83263
2023-12-17,125.47043878701315,127.42821864384861,124.35531666380038,125.81677714335363,125.81677714335363,33167,125.47043878701315,127.42821864384861,124.35531666380038,125.81677714335363,125.81677714335363,33167,125.47043878701315,127.42821864384861,124.35531666380038,125.81677714335363,125.81677714335363,33167
2023-12-18,178.47347617824835,178.54910492802978,173.31485715112507,175.44911176327273,175.44911176327273,16479,178.47347617824835,178.54910492802978,173.31485715112507,175.44911176327273,175.44911176327273,16479,178.47347617824835,178.54910492802978,173.31485715112507,175.44911176327273,175.44911176327273,16479
2023-12-19,148.80404474284177,155.2787918843878,146.12811797556205,147.60337875191468,147.60337875191468,32376,148.80404474284177,155.2787918843878,146.12811797556205,147.60337875191468,147.60337875191468,32376,148.80404474284177,155.2787918843878,146.12811797556205,147.60337875191468,147.60337875191468,32376
2023-12-20,74.44016406221445,83.42046955171432,66.08536180479251,77.46429300759063,77.46429300759063,5823,74.44016406221445,83.42046955171432,66.08536180479251,77.46429300759063,77.46429300759063,5823,74.44016406221445,83.42046955171432,66.08536180479251,77.46429300759063,77.46429300759063,5823
2023-12-21,60.58531211006448,63.02013507582747,60.43837822351494,62.945653733242544,62.945653733242544,71456,60.58531211006448,63.02013507582747,60.43837822351494,62.945653733242544,62.945653733242544,71456,60.58531211006448,63.02013507582747,60.43837822351494,62.945653733242544,62.945653733242544,71456
2023-12-22,146.36289173094735,155.6332371789104,142.571951244228,149.9148600548209,149.9148600548209,20585,146.36289173094735,155.6332371789104,142.571951244228,149.9148600548209,149.9148600548209,20585,146.36289173094735,155.6332371789104,142.571951244228,149.9148600548209,149.9148600548209,20585
2023-12-23,53.976696581243274,54.579370484138884,50.60324111355235,53.44519260874408,53.44519260874408,18272,53.976696581243274,54.579370484138884,50.60324111355235,53.44519260874408,53.44519260874408,18272,53.976696581243274,54.579370484138884,50.60324111355235,53.44519260874408,53.44519260874408,18272
2023-12-24,137.8663371910195,147.21069745907465,137.6730608818435,138.32591642196516,138.32591642196516,27619,137.8663371910195,147.21069745907465,137.6730608818435,138.32591642196516,138.32591642196516,27619,137.8663371910195,147.21069745907465,137.6730608818435,138.32591642196516,138.32591642196516,27619
2023-12-25,191.03453621374365,194.55076308614,189.79085222373854,191.77890989399444,191.77890989399444,76069,191.03453621374365,194.55076308614,189.79085222373854,191.77890989399444,191.77890989399444,76069,191.03453621374365,194.55076308614,189.79085222373854,191.77890989399444,191.77890989399444,76069
2023-12-26,136.32112668138183,137.33533496587398,132.18469993219549,132.7840200223495,132.7840200223495,40895,136.32112668138183,137.33533496587398,132.18469993219549,132.7840200223495,132.7840200223495,40895,136.32112668138183,137.33533496587398,132.18469993219549,132.7840200223495,132.7840200223495,40895
2023-12-27,108.22548893097829,113.08420652284154,103.29684308650383,109.29449864117389,109.29449864117389,4720,108.22548893097829,113.08420652284154,103.29684308650383,109.29449864117389,109.29449864117389,4720,108.22548893097829,113.08420652284154,103.29684308650383,109.29449864117389,109.29449864117389,4720
2023-12-28,146.49323276635297,149.06099844355805,142.45033529380427,148.65432471381197,148.65432471381197,20267,146.49323276635297,149.06099844355805,142.45033529380427,148.65432471381197,148.65432471381197,20267,146.49323276635297,149.06099844355805,142.45033529380427,148.65432471381197,148.65432471381197,20267
2023-12-29,118.73793357372749,121.58666259334672,113.42855678960655,118.82740954966943,118.82740954966943,16696,118.73793357372749,121.58666259334672,113.42855678960655,118.82740954966943,118.82740954966943,16696,118.73793357372749,121.58666259334672,113.42855678960655,118.82740954966943,118.82740954966943,16696
2023-12-30,131.84251839739022,134.9154180466531,125.8912016483334,126.58428897637334,126.58428897637334,30968,131.84251839739022,134.9154180466531,125.8912016483334,126.58428897637334,126.58428897637334,30968,131.84251839739022,134.9154180466531,125.8912016483334,126.58428897637334,126.58428897637334,30968
2023-12-31,191.21972131647877,199.2499802948054,191.1204831052004,194.0037410218745,194.0037410218745,54364,191.21972131647877,199.2499802948054,191.1204831052004,194.0037410218745,194.0037410218745,54364,191.21972131647877,199.2499802948054,191.1204831052004,194.0037410218745,194.0037410218745,54364
2024-01-01,107.91539567011614,113.30700843686868,103.2744440755811,108.79900987122556,108.79900987122556,24345,107.91539567011614,113.30700843686868,103.2744440755811,108.79900987122556,108.79900987122556,24345,107.91539567011614,113.30700843686868,103.2744440755811,108.79900987122556,108.79900987122556,24345
2024-01-02,194.17858457358713,197.29166156514717,184.54359216471124,189.68371262269198,189.68371262269198,52567,194.17858457358713,197.29166156514717,184.54359216471124,189.68371262269198,189.68371262269198,52567,194.17858457358713,197.29166156514717,184.54359216471124,189.68371262269198,189.68371262269198,52567
2024-01-03,185.80259629340955,191.90593412651873,180.61227349211407,190.02716603632476,190.02716603632476,92229,185.80259629340955,191.90593412651873,180.61227349211407,190.02716603632476,190.02716603632476,92229,185.80259629340955,191.90593412651873,180.61227349211407,190.02716603632476,190.02716603632476,92229
2024-01-04,79.36867021839447,86.5301769606264,72.59324754380494,83.94725983437908,83.94725983437908,62607,79.36867021839447,86.5301769606264,72.59324754380494,83.94725983437908,83.94725983437908,62607,79.36867021839447,86.5301769606264,72.59324754380494,83.94725983437908,83.94725983437908,62607
2024-01-05,60.40419513127482,63.13043513861015,57.28555655210599,60.86163458006631,60.86163458006631,20385,60.40419513127482,63.13043513861015,57.28555655210599,60.86163458006631,60.86163458006631,20385,60.40419513127482,63.13043513861015,57.28555655210599,60.86163458006631,60.86163458006631,20385
2024-01-06,65.116700206614,69.25219122186752,57.37678642508637,61.81175069811133,61.81175069811133,84658,65.116700206614,69.25219122186752,57.37678642508637,61.81175069811133,61.81175069811133,84658,65.116700206614,69.25219122186752,57.37678642508637,61.81175069811133,61.81175069811133,84658
2024-01-07,52.73327384773246,53.95213478110194,45.00405902897131,47.28882824367916,47.28882824367916,67900,52.73327384773246,53.95213478110194,45.00405902897131,47.28882824367916,47.28882824367916,67900,52.73327384773246,53.95213478110194,45.00405902897131,47.28882824367916,47.28882824367916,67900
2024-01-08,64.16644411338926,65.97793760873607,58.95348363684787,59.697192911941045,59.697192911941045,69244,64.16644411338926,65.97793760873607,58.95348363684787,59.697192911941045,59.697192911941045,69244,64.16644411338926,65.97793760873607,58.95348363684787,59.697192911941045,59.697192911941045,69244
2024-01-09,152.45101601245352,159.26219455210335,142.69087777966138,148.57199971452292,148.57199971452292,66425,152.45101601245352,159.26219455210335,142.69087777966138,148.57199971452292,148.57199971452292,66425,152.45101601245352,159.26219455210335,142.69087777966138,148.57199971452292,148.57199971452292,66425
2024-01-10,60.678297269034346,62.49268074599061,59.42279512140781,60.69118749245648,60.69118749245648,79518,60.678297269034346,62.49268074599061,59.42279512140781,60.69118749245648,60.69118749245648,79518,60.678297269034346,62.49268074599061,59.42279512140781,60.69118749245648,60.69118749245648,79518
2024-01-11,97.8463445440642,103.0979783807348,97.67686789516839,101.34057864083624,101.34057864083624,83844,97.8463445440642,103.0979783807348,97.67686789516839,101.34057864083624,101.34057864083624,83844,97.8463445440642,103.0979783807348,97.67686789516839,101.34057864083624,101.34057864083624,83844
2024-01-12,176.73129664541818,183.8217592626425,169.02971452784723,178.76524409150193,178.76524409150193,33919,176.73129664541818,183.8217592626425,169.02971452784723,178.76524409150193,178.76524409150193,33919,176.73129664541818,183.8217592626425,169.02971452784723,178.76524409150193,178.76524409150193,33919
2024-01-13,53.49079036037388,54.55955959132132,45.41923498672505,46.060046140470504,46.060046140470504,91697,53.49079036037388,54.55955959132132,45.41923498672505,46.060046140470504,46.060046140470504,91697,53.49079036037388,54.55955959132132,45.41923498672505,46.060046140470504,46.060046140470504,91697
2024-01-14,172.17027238834038,177.8433945846294,170.96820009713463,173.6856847637179,173.6856847637179,58196,172.17027238834038,177.8433945846294,170.96820009713463,173.6856847637179,173.6856847637179,58196,172.17027238834038,177.8433945846294,170.96820009713463,173.6856847637179,173.6856847637179,58196
2024-01-15,92.27821621600998,94.84384405302362,89.62238788642392,90.57153827361353,90.57153827361353,80401,92.27821621600998,94.84384405302362,89.62238788642392,90.57153827361353,90.57153827361353,80401,92.27821621600998,94.84384405302362,89.62238788642392,90.57153827361353,90.57153827361353,80401
2024-01-16,67.72472414324844,77.35399289562423,67.54920050958215,69.08671652870703,69.08671652870703,1495,67.72472414324844,77.35399289562423,67.54920050958215,69.08671652870703,69.08671652870703,1495,67.72472414324844,77.35399289562423,67.54920050958215,69.08671652870703,69.08671652870703,1495
2024-01-17,154.5105748046226,159.34603127182183,151.57748869681694,158.00442066944382,158.00442066944382,45755,154.5105748046226,159.34603127182183,151.57748869681694,158.00442066944382,158.00442066944382,45755,154.5105748046226,159.34603127182183,151.57748869681694,158.00442066944382,158.00442066944382,45755
2024-01-18,144.3414270169826,152.40135251473419,136.61000827779588,137.2719058937282,137.2719058937282,68684,144.3414270169826,152.40135251473419,136.61000827779588,137.2719058937282,137.2719058937282,68684,144.3414270169826,152.40135251473419,136.61000827779588,137.2719058937282,137.2719058937282,68684
2024-01-19,181.62080202905796,187.12306745062057,176.44119675193215,180.91885403142297,180.91885403142297,34324,181.62080202905796,187.12306745062057,176.44119675193215,180.91885403142297,180.91885403142297,34324,181.62080202905796,187.12306745062057,176.44119675193215,180.91885403142297,180.91885403142297,34324
2024-01-20,160.26065657058285,160.69478189913104,156.77970063889998,157.43823161949382,157.43823161949382,79929,160.26065657058285,160.69478189913104,156.77970063889998,157.43823161949382,157.43823161949382,79929,160.26065657058285,160.69478189913104,156.77970063889998,157.43823161949382,157.43823161949382,79929
2024-01-21,170.5221395577273,176.8536533136675,166.80474660866398,175.6410539089076,175.6410539089076,2552,170.5221395577273,176.8536533136675,166.80474660866398,175.6410539089076,175.6410539089076,2552,170.5221395577273,176.8536533136675,166.80474660866398,175.6410539089076,175.6410539089076,2552
2024-01-22,92.30518588569598,101.81921930776255,92.2916496285413,97.59889193291836,97.59889193291836,52272,92.30518588569598,101.81921930776255,92.2916496285413,97.59889193291836,97.59889193291836,52272,92.30518588569598,101.81921930776255,92.2916496285413,97.59889193291836,97.59889193291836,52272
2024-01-23,76.61593156695842,82.63204976842174,73.61792629130606,75.70361991782057,75.70361991782057,36853,76.61593156695842,82.63204976842174,73.61792629130606,75.70361991782057,75.70361991782057,36853,76.61593156695842,82.63204976842174,73.61792629130606,75.70361991782057,75.70361991782057,36853
2024-01-24,162.59221274612875,170.78410134039666,156.12762532974943,163.491438811198,163.491438811198,33924,162.59221274612875,170.78410134039666,156.12762532974943,163.491438811198,163.491438811198,33924,162.59221274612875,170.78410134039666,156.12762532974943,163.491438811198,163.491438811198,33924
2024-01-25,171.0252108900896,179.86727552357368,161.283266451926,174.87721559643524,174.87721559643524,75462,171.0252108900896,179.86727552357368,161.283266451926,174.87721559643524,174.87721559643524,75462,171.0252108900896,179.86727552357368,161.283266451926,174.87721559643524,174.87721559643524,75462
2024-01-26,198.575771300101,200.85656901959032,190.105163030262,200.40627872984172,200.40627872984172,97387,198.575771300101,200.85656901959032,190.105163030262,200.40627872984172,200.40627872984172,97387,198.575771300101,200.85656901959032,190.105163030262,200.40627872984172,200.40627872984172,97387
2024-01-27,111.89265153671397,114.01309993579623,111.65670189025867,112.17616042380914,112.17616042380914,24889,111.89265153671397,114.01309993579623,111.65670189025867,112.17616042380914,112.17616042380914,24889,111.89265153671397,114.01309993579623,111.65670189025867,112.17616042380914,112.17616042380914,24889
2024-01-28,105.80271286891747,111.91252275742738,96.81710682216908,110.19438926670584,110.19438926670584,55675,105.80271286891747,111.91252275742738,96.81710682216908,110.19438926670584,110.19438926670584,55675,105.80271286891747,111.91252275742738,96.81710682216908,110.19438926670584,110.19438926670584,55675
2024-01-29,166.46194411129954,170.57222880936658,158.62995997831328,169.78767087966057,169.78767087966057,74591,166.46194411129954,170.57222880936658,158.62995997831328,169.78767087966057,169.78767087966057,74591,166.46194411129954,170.57222880936658,158.62995997831328,169.78767087966057,169.78767087966057,74591
2024-01-30,101.12053103795267,109.51914406661987,93.31676980224287,108.16495844831557,108.16495844831557,71190,101.12053103795267,109.51914406661987,93.31676980224287,108.16495844831557,108.16495844831557,71190,101.12053103795267,109.51914406661987,93.31676980224287,108.16495844831557,108.16495844831557,71190
2024-01-31,189.6135988405347,198.61383007451482,185.033641250499,193.6626881981743,193.6626881981743,23634,189.6135988405347,198.61383007451482,185.033641250499,193.6626881981743,193.6626881981743,23634,189.6135988405347,198.61383007451482,185.033641250499,193.6626881981743,193.6626881981743,23634
2024-02-01,178.76191277645177,182.29612656947896,174.78185984690674,179.51450023171412,179.51450023171412,33363,178.76191277645177,182.29612656947896,174.78185984690674,179.51450023171412,179.51450023171412,33363,178.76191277645177,182.29612656947896,174.78185984690674,179.51450023171412,179.51450023171412,33363
2024-02-02,114.34910410625275,116.71780969599757,111.31994681792082,113.4964225268296,113.4964225268296,64752,114.34910410625275,116.71780969599757,111.31994681792082,113.4964225268296,113.4964225268296,64752,114.34910410625275,116.71780969599757,111.31994681792082,113.4964225268296,113.4964225268296,64752
2024-02-03,162.6306601687246,170.4359153211632,161.97371157918096,168.34065575427158,168.34065575427158,78004,162.6306601687246,170.4359153211632,161.97371157918096,168.34065575427158,168.34065575427158,78004,162.6306601687246,170.4359153211632,161.97371157918096,168.34065575427158,168.34065575427158,78004
2024-02-04,163.18143111270234,165.9294914681837,160.89907747776536,163.57170634070346,163.57170634070346,57398,163.18143111270234,165.9294914681837,160.89907747776536,163.57170634070346,163.57170634070346,57398,163.18143111270234,165.9294914681837,160.89907747776536,163.57170634070346,163.57170634070346,57398
2024-02-05,65.4685803253899,73.69472351052667,63.00254397560965,70.24583345697047,70.24583345697047,99458,65.4685803253899,73.69472351052667,63.00254397560965,70.24583345697047,70.24583345697047,99458,65.4685803253899,73.69472351052667,63.00254397560965,70.24583345697047,70.24583345697047,99458
2024-02-06,185.382936001935,189.62031853842262,180.542165304833,184.43177181011498,184.43177181011498,41718,185.382936001935,189.62031853842262,180.542165304833,184.43177181011498,184.43177181011498,41718,185.382936001935,189.62031853842262,180.542165304833,184.43177181011498,184.43177181011498,41718
2024-02-07,125.78785586717858,132.4633548600933,118.31341180121164,128.66404511519534,128.66404511519534,83916,125.78785586717858,132.4633548600933,118.31341180121164,128.66404511519534,128.66404511519534,83916,125.78785586717858,132.4633548600933,118.31341180121164,128.66404511519534,128.66404511519534,83916
2024-02-08,173.96861991616123,174.9239730545079,169.23052163218176,173.92461016675477,173.92461016675477,27870,173.96861991616123,174.9239730545079,169.23052163218176,173.92461016675477,173.92461016675477,27870,173.96861991616123,174.9239730545079,169.23052163218176,173.92461016675477,173.92461016675477,27870
2024-02-09,98.00744015459176,104.2460334013575,97.42899566012015,98.42725714806707,98.42725714806707,38394,98.00744015459176,104.2460334013575,97.42899566012015,98.42725714806707,98.42725714806707,38394,98.00744015459176,104.2460334013575,97.42899566012015,98.42725714806707,98.42725714806707,38394
2024-02-10,184.32848427443008,188.84616106180238,174.75058626454805,186.49120937128035,186.49120937128035,53057,184.32848427443008,188.84616106180238,174.75058626454805,186.49120937128035,186.49120937128035,53057,184.32848427443008,188.84616106180238,174.75058626454805,186.49120937128035,186.49120937128035,53057
2024-02-11,108.38025181012446,114.24633644187921,98.95300861918334,107.21594060131812,107.21594060131812,80795,108.38025181012446,114.24633644187921,98.95300861918334,107.21594060131812,107.21594060131812,80795,108.38025181012446,114.24633644187921,98.95300861918334,107.21594060131812,107.21594060131812,80795
2024-02-12,51.625647722044754,53.30578979949339,43.77375229056067,51.825139418525445,51.825139418525445,81409,51.625647722044754,53.30578979949339,43.77375229056067,51.825139418525445,51.825139418525445,81409,51.625647722044754,53.30578979949339,43.77375229056067,51.825139418525445,51.825139418525445,81409
2024-02-13,185.80729646288955,193.17603391233138,175.89401744724734,183.3477806376516,183.3477806376516,14016,185.80729646288955,193.17603391233138,175.89401744724734,183.3477806376516,183.3477806376516,14016,185.80729646288955,193.17603391233138,175.89401744724734,183.3477806376516,183.3477806376516,14016
2024-02-14,63.69300151792004,72.32097229335233,58.24817818991741,63.5823368975789,63.5823368975789,43137,63.69300151792004,72.32097229335233,58.24817818991741,63.5823368975789,63.5823368975789,43137,63.69300151792004,72.32097229335233,58.24817818991741,63.5823368975789,63.5823368975789,43137
2024-02-15,97.89704563856223,100.06444363946999,88.26936213603017,99.06257805666814,99.06257805666814,1153,97.89704563856223,100.06444363946999,88.26936213603017,99.06257805666814,99.06257805666814,1153,97.89704563856223,100.06444363946999,88.26936213603017,99.06257805666814,99.06257805666814,1153
2024-02-16,192.50929505762073,193.46644061282234,191.75324465145323,192.18354682623718,192.18354682623718,8853,192.50929505762073,193.46644061282234,191.75324465145323,192.18354682623718,192.18354682623718,8853,192.50929505762073,193.46644061282234,191.75324465145323,192.18354682623718,192.18354682623718,8853
2024-02-17,192.5910720406334,192.82745790109678,188.9342645580197,192.22094636296734,192.22094636296734,13379,192.5910720406334,192.82745790109678,188.9342645580197,192.22094636296734,192.22094636296734,13379,192.5910720406334,192.82745790109678,188.9342645580197,192.22094636296734,192.22094636296734,13379
2024-02-18,136.0156832184929,142.43539822292558,133.76187053842526,137.96003637395327,137.96003637395327,16792,136.0156832184929,142.43539822292558,133.76187053842526,137.96003637395327,137.96003637395327,16792,136.0156832184929,142.43539822292558,133.76187053842526,137.96003637395327,137.96003637395327,16792
2024-02-19,144.77558182546989,150.8465221863577,142.81725098412718,146.94506271620196,146.94506271620196,39367,144.77558182546989,150.8465221863577,142.81725098412718,146.94506271620196,146.94506271620196,39367,144.77558182546989,150.8465221863577,142.81725098412718,146.94506271620196,146.94506271620196,39367
2024-02-20,117.26682829674796,122.73380242388866,115.8587988078212,117.97951935850352,117.97951935850352,19100,117.26682829674796,122.73380242388866,115.8587988078212,117.97951935850352,117.97951935850352,19100,117.26682829674796,122.73380242388866,115.8587988078212,117.97951935850352,117.97951935850352,19100
2024-02-21,93.98161575470968,96.30108671586943,87.75747933904971,92.65332691148734,92.65332691148734,64456,93.98161575470968,96.30108671586943,87.75747933904971,92.65332691148734,92.65332691148734,64456,93.98161575470968,96.30108671586943,87.75747933904971,92.65332691148734,92.65332691148734,64456
2024-02-22,99.2996818054874,103.20874176454254,91.48646324801435,95.2986794674574,95.2986794674574,12049,99.2996818054874,103.20874176454254,91.48646324801435,95.2986794674574,95.2986794674574,12049,99.2996818054874,103.20874176454254,91.48646324801435,95.2986794674574,95.2986794674574,12049
2024-02-23,150.87776841155576,156.8225317634175,145.09478441735214,145.55532618600623,145.55532618600623,1786,150.87776841155576,156.8225317634175,145.09478441735214,145.55532618600623,145.55532618600623,1786,150.87776841155576,156.8225317634175,145.09478441735214,145.55532618600623,145.55532618600623,1786
2024-02-24,162.856179415652,167.8238480042437,161.38655231976992,163.13748776813603,163.13748776813603,70904,162.856179415652,167.8238480042437,161.38655231976992,163.13748776813603,163.13748776813603,70904,162.856179415652,167.8238480042437,161.38655231976992,163.13748776813603,163.13748776813603,70904
2024-02-25,168.73685655887726,178.61471176102614,160.62561885954256,160.74037206400632,160.74037206400632,31699,168.73685655887726,178.61471176102614,160.62561885954256,160.74037206400632,160.74037206400632,31699,168.73685655887726,178.61471176102614,160.62561885954256,160.74037206400632,160.74037206400632,31699
2024-02-26,168.4427214191831,169.80711894475044,162.08317434754582,169.6399325191829,169.6399325191829,48691,168.4427214191831,169.80711894475044,162.08317434754582,169.6399325191829,169.6399325191829,48691,168.4427214191831,169.80711894475044,162.08317434754582,169.6399325191829,169.6399325191829,48691
2024-02-27,63.680915457303556,70.6323609977795,59.7992583960336,70.26129700736075,70.26129700736075,38040,63.680915457303556,70.6323609977795,59.7992583960336,70.26129700736075,70.26129700736075,38040,63.680915457303556,70.6323609977795,59.7992583960336,70.26129700736075,70.26129700736075,38040
2024-02-28,124.16304570538722,128.20623338643014,117.4217427500266,121.68329135554193,121.68329135554193,93990,124.16304570538722,128.20623338643014,117.4217427500266,121.68329135554193,121.68329135554193,93990,124.16304570538722,128.20623338643014,117.4217427500266,121.68329135554193,121.68329135554193,93990
2024-02-29,58.63381400249664,62.91581015175279,56.03476421006832,61.04671752136339,61.04671752136339,58986,58.63381400249664,62.91581015175279,56.03476421006832,61.04671752136339,61.04671752136339,58986,58.63381400249664,62.91581015175279,56.03476421006832,61.04671752136339,61.04671752136339,58986
2024-03-01,132.42933234856034,139.6053100051421,128.97741026361822,132.65260280753176,132.65260280753176,39762,132.42933234856034,139.6053100051421,128.97741026361822,132.65260280753176,132.65260280753176,39762,132.42933234856034,139.6053100051421,128.97741026361822,132.65260280753176,132.65260280753176,39762
2024-03-02,116.22957520600656,123.15393671925025,107.05471677468665,117.85879311390535,117.85879311390535,24600,116.22957520600656,123.15393671925025,107.05471677468665,117.85879311390535,117.85879311390535,24600,116.22957520600656,123.15393671925025,107.05471677468665,117.85879311390535,117.85879311390535,24600
2024-03-03,183.15562741374495,193.06818735076683,180.25058235703074,190.57426649888197,190.57426649888197,95774,183.15562741374495,193.06818735076683,180.25058235703074,190.57426649888197,190.57426649888197,95774,183.15562741374495,193.06818735076683,180.25058235703074,190.57426649888197,190.57426649888197,95774
2024-03-04,102.6372518828118,103.92119477735305,97.93736920123243,103.60259343257377,103.60259343257377,91777,102.6372518828118,103.92119477735305,97.93736920123243,103.60259343257377,103.60259343257377,91777,102.6372518828118,103.92119477735305,97.93736920123243,103.60259343257377,103.60259343257377,91777
2024-03-05,67.56005246414088,68.60114895798255,58.65864109018074,62.637754791606966,62.637754791606966,20810,67.56005246414088,68.60114895798255,58.65864109018074,62.637754791606966,62.637754791606966,20810,67.56005246414088,68.60114895798255,58.65864109018074,62.637754791606966,62.637754791606966,20810
2024-03-06,71.44875230792537,78.69214047921278,64.3715388052501,75.58883721118207,75.58883721118207,86703,71.44875230792537,78.69214047921278,64.3715388052501,75.58883721118207,75.58883721118207,86703,71.44875230792537,78.69214047921278,64.3715388052501,75.58883721118207,75.58883721118207,86703
2024-03-07,164.22659475762083,170.01046392768492,163.6045624959738,165.30807393861082,165.30807393861082,88347,164.22659475762083,170.01046392768492,163.6045624959738,165.30807393861082,165.30807393861082,88347,164.22659475762083,170.01046392768492,163.6045624959738,165.30807393861082,165.30807393861082,88347
2024-03-08,142.73270949743915,145.4743161630372,141.25967905464944,145.4335703318533,145.4335703318533,58204,142.73270949743915,145.4743161630372,141.25967905464944,145.4335703318533,145.4335703318533,58204,142.73270949743915,145.4743161630372,141.25967905464944,145.4335703318533,145.4335703318533,58204
2024-03-09,65.16840141841854,65.9625951083084,65.08998551069938,65.11247230990769,65.11247230990769,21085,65.16840141841854,65.9625951083084,65.08998551069938,65.11247230990769,65.11247230990769,21085,65.16840141841854,65.9625951083084,65.08998551069938,65.11247230990769,65.11247230990769,21085
2024-03-10,62.616020917249614,63.47260341321392,56.30680301495798,60.63156997694264,60.63156997694264,47854,62.616020917249614,63.47260341321392,56.30680301495798,60.63156997694264,60.63156997694264,47854,62.616020917249614,63.47260341321392,56.30680301495798,60.63156997694264,60.63156997694264,47854
2024-03-11,155.14536971886798,164.08727846550917,150.6686354647638,159.5183107893991,159.5183107893991,75797,155.14536971886798,164.08727846550917,150.6686354647638,159.5183107893991,159.5183107893991,75797,155.14536971886798,164.08727846550917,150.6686354647638,159.5183107893991,159.5183107893991,75797
2024-03-12,60.91445095462903,62.83312420181646,59.57170244560628,61.815709194711594,61.815709194711594,85269,60.91445095462903,62.83312420181646,59.57170244560628,61.815709194711594,61.815709194711594,85269,60.91445095462903,62.83312420181646,59.57170244560628,61.815709194711594,61.815709194711594,85269
2024-03-13,173.27900889355345,176.51272451470865,163.69966768298576,165.24220057184388,165.24220057184388,40779,173.27900889355345,176.51272451470865,163.69966768298576,165.24220057184388,165.24220057184388,40779,173.27900889355345,176.51272451470865,163.69966768298576,165.24220057184388,165.24220057184388,40779
2024-03-14,155.93633407347443,158.2028980957443,150.63973683401824,157.73798893535837,157.73798893535837,57207,155.93633407347443,158.2028980957443,150.63973683401824,157.73798893535837,157.73798893535837,57207,155.93633407347443,158.2028980957443,150.63973683401824,157.73798893535837,157.73798893535837,57207
2024-03-15,62.202317096284965,65.75228015460434,59.78338415515607,60.86484830464503,60.86484830464503,95615,62.202317096284965,65.75228015460434,59.78338415515607,60.86484830464503,60.86484830464503,95615,62.202317096284965,65.75228015460434,59.78338415515607,60.86484830464503,60.86484830464503,95615
2024-03-16,62.72565711277879,63.41989554023972,57.71962140123171,61.269486520699004,61.269486520699004,34980,62.72565711277879,63.41989554023972,57.71962140123171,61.269486520699004,61.269486520699004,34980,62.72565711277879,63.41989554023972,57.71962140123171,61.269486520699004,61.269486520699004,34980
2024-03-17,197.99593677517632,203.18653468425902,191.19973344782525,193.86890734838207,193.86890734838207,57117,197.99593677517632,203.18653468425902,191.19973344782525,193.86890734838207,193.86890734838207,57117,197.99593677517632,203.18653468425902,191.19973344782525,193.86890734838207,193.86890734838207,57117
2024-03-18,106.14061936341804,106.81674499934019,105.3782271836824,105.82016347283005,105.82016347283005,15141,106.14061936341804,106.81674499934019,105.3782271836824,105.82016347283005,105.82016347283005,15141,106.14061936341804,106.81674499934019,105.3782271836824,105.82016347283005,105.82016347283005,15141
2024-03-19,105.59632206003363,113.59988713825724,102.84928390955471,108.72404287260916,108.72404287260916,10344,105.59632206003363,113.59988713825724,102.84928390955471,108.72404287260916,108.72404287260916,10344,105.59632206003363,113.59988713825724,102.84928390955471,108.72404287260916,108.72404287260916,10344
2024-03-20,171.91993508862538,174.25705590772972,163.85028017978544,168.19191852196138,168.19191852196138,16896,171.91993508862538,174.25705590772972,163.85028017978544,168.19191852196138,168.19191852196138,16896,171.91993508862538,174.25705590772972,163.85028017978544,168.19191852196138,168.19191852196138,16896
2024-03-21,192.08728660757882,197.48740575362393,187.4906379035522,189.09237604015254,189.09237604015254,90353,192.08728660757882,197.48740575362393,187.4906379035522,189.09237604015254,189.09237604015254,90353,192.08728660757882,197.48740575362393,187.4906379035522,189.09237604015254,189.09237604015254,90353
2024-03-22,197.90015957343064,206.70095044904522,192.4343881531077,194.8730629868882,194.8730629868882,30813,197.90015957343064,206.70095044904522,192.4343881531077,194.8730629868882,194.8730629868882,30813,197.90015957343064,206.70095044904522,192.4343881531077,194.8730629868882,194.8730629868882,30813
2024-03-23,163.00672778884126,169.5155014793132,158.67856776674657,163.20997511832203,163.20997511832203,85431,163.00672778884126,169.5155014793132,158.67856776674657,163.20997511832203,163.20997511832203,85431,163.00672778884126,169.5155014793132,158.67856776674657,163.20997511832203,163.20997511832203,85431
2024-03-24,106.43893782963737,111.76851569515073,105.99993840320732,110.36838379526264,110.36838379526264,66679,106.43893782963737,111.76851569515073,105.99993840320732,110.36838379526264,110.36838379526264,66679,106.43893782963737,111.76851569515073,105.99993840320732,110.36838379526264,110.36838379526264,66679
2024-03-25,62.52510750480032,65.76844503595407,60.867609706598756,65.26838657238247,65.26838657238247,11681,62.52510750480032,65.76844503595407,60.867609706598756,65.26838657238247,65.26838657238247,11681,62.52510750480032,65.76844503595407,60.867609706598756,65.26838657238247,65.26838657238247,11681
2024-03-26,166.5720373891155,169.90205651969748,162.1166210016966,162.77159149149716,162.77159149149716,73903,166.5720373891155,169.90205651969748,162.1166210016966,162.77159149149716,162.77159149149716,73903,166.5720373891155,169.90205651969748,162.1166210016966,162.77159149149716,162.77159149149716,73903
2024-03-27,133.76063746037076,140.45550701235265,131.6687828062915,135.12287842634092,135.12287842634092,4228,133.76063746037076,140.45550701235265,131.6687828062915,135.12287842634092,135.12287842634092,4228,133.76063746037076,140.45550701235265,131.6687828062915,135.12287842634092,135.12287842634092,4228
2024-03-28,113.63330138704644,123.57469499925811,113.13351110044965,114.18019346631993,114.18019346631993,5582,113.63330138704644,123.57469499925811,113.13351110044965,114.18019346631993,114.18019346631993,5582,113.63330138704644,123.57469499925811,113.13351110044965,114.18019346631993,114.18019346631993,5582
2024-03-29,185.9531577642104,192.5715496627042,177.51666112369216,177.76645907020165,177.76645907020165,79683,185.9531577642104,192.5715496627042,177.51666112369216,177.76645907020165,177.76645907020165,79683,185.9531577642104,192.5715496627042,177.51666112369216,177.76645907020165,177.76645907020165,79683
2024-03-30,66.6796223459227,72.25745651962295,56.867697054281535,67.05138841389461,67.05138841389461,12397,66.6796223459227,72.25745651962295,56.867697054281535,67.05138841389461,67.05138841389461,12397,66.6796223459227,72.25745651962295,56.867697054281535,67.05138841389461,67.05138841389461,12397
2024-03-31,123.89376564362887,131.20027074602132,115.96233690366148,125.14242164371495,125.14242164371495,39799,123.89376564362887,131.20027074602132,115.96233690366148,125.14242164371495,125.14242164371495,39799,123.89376564362887,131.20027074602132,115.96233690366148,125.14242164371495,125.14242164371495,39799
2024-04-01,51.70304671511286,56.35510283795004,43.16519749806619,45.315404177876296,45.315404177876296,38011,51.70304671511286,56.35510283795004,43.16519749806619,45.315404177876296,45.315404177876296,38011,51.70304671511286,56.35510283795004,43.16519749806619,45.315404177876296,45.315404177876296,38011
2024-04-02,120.29909629911894,120.9005197251268,117.8793249959485,118.58571909490351,118.58571909490351,80183,120.29909629911894,120.9005197251268,117.8793249959485,118.58571909490351,118.58571909490351,80183,120.29909629911894,120.9005197251268,117.8793249959485,118.58571909490351,118.58571909490351,80183
2024-04-03,58.4454913522756,64.0684595110547,48.839221597143606,49.200272617800366,49.200272617800366,94254,58.4454913522756,64.0684595110547,48.839221597143606,49.200272617800366,49.200272617800366,94254,58.4454913522756,64.0684595110547,48.839221597143606,49.200272617800366,49.200272617800366,94254
2024-04-04,67.82268744021079,77.39894028526459,65.8534303956765,75.49332161630518,75.49332161630518,45264,67.82268744021079,77.39894028526459,65.8534303956765,75.49332161630518,75.49332161630518,45264,67.82268744021079,77.39894028526459,65.8534303956765,75.49332161630518,75.49332161630518,45264
2024-04-05,67.62893701656573,69.38196644014232,58.114638912947406,69.09679709630328,69.09679709630328,43317,67.62893701656573,69.38196644014232,58.114638912947406,69.09679709630328,69.09679709630328,43317,67.62893701656573,69.38196644014232,58.114638912947406,69.09679709630328,69.09679709630328,43317
2024-04-06,147.38154531740952,154.28159422561617,137.43335237775,139.71560741426688,139.71560741426688,48914,147.38154531740952,154.28159422561617,137.43335237775,139.71560741426688,139.71560741426688,48914,147.38154531740952,154.28159422561617,137.43335237775,139.71560741426688,139.71560741426688,48914
2024-04-07,161.9067318898135,163.91606877640407,154.789503832353,156.9020774037201,156.9020774037201,85633,161.9067318898135,163.91606877640407,154.789503832353,156.9020774037201,156.9020774037201,85633,161.9067318898135,163.91606877640407,154.789503832353,156.9020774037201,156.9020774037201,85633
2024-04-08,137.50531476457394,142.86359160930476,127.69387744665572,140.86740170105284,140.86740170105284,46254,137.50531476457394,142.86359160930476,127.69387744665572,140.86740170105284,140.86740170105284,46254,137.50531476457394,142.86359160930476,127.69387744665572,140.86740170105284,140.86740170105284,46254
2024-04-09,194.32588227118129,195.29264676764848,188.63048447551026,194.80273665528512,194.80273665528512,41096,194.32588227118129,195.29264676764848,188.63048447551026,194.80273665528512,194.80273665528512,41096,194.32588227118129,195.29264676764848,188.63048447551026,194.80273665528512,194.80273665528512,41096
2024-04-10,106.23058692855561,110.73429629113747,103.63516909679471,106.61415726156942,106.61415726156942,54785,106.23058692855561,110.73429629113747,103.63516909679471,106.61415726156942,106.61415726156942,54785,106.23058692855561,110.73429629113747,103.63516909679471,106.61415726156942,106.61415726156942,54785
2024-04-11,92.8568129422791,100.41844623123157,88.4868540856229,89.09086077813987,89.09086077813987,53344,92.8568129422791,100.41844623123157,88.4868540856229,89.09086077813987,89.09086077813987,53344,92.8568129422791,100.41844623123157,88.4868540856229,89.09086077813987,89.09086077813987,53344
2024-04-12,180.28986922841904,183.76558447080885,174.35425987463117,174.72498920795294,174.72498920795294,83643,180.28986922841904,183.76558447080885,174.35425987463117,174.72498920795294,174.72498920795294,83643,180.28986922841904,183.76558447080885,174.35425987463117,174.72498920795294,174.72498920795294,83643
2024-04-13,83.5393757779179,90.18849302279008,82.80856015764775,87.04427163719448,87.04427163719448,69546,83.5393757779179,90.18849302279008,82.80856015764775,87.04427163719448,87.04427163719448,69546,83.5393757779179,90.18849302279008,82.80856015764775,87.04427163719448,87.04427163719448,69546
2024-04-14,194.4833809160917,202.437880523989,188.25994826991925,193.8303885067621,193.8303885067621,72091,194.4833809160917,202.437880523989,188.25994826991925,193.8303885067621,193.8303885067621,72091,194.4833809160917,202.437880523989,188.25994826991925,193.8303885067621,193.8303885067621,72091
2024-04-15,51.82317120347245,61.09494939826698,42.011392835849506,42.558183058178244,42.558183058178244,66603,51.82317120347245,61.09494939826698,42.011392835849506,42.558183058178244,42.558183058178244,66603,51.82317120347245,61.09494939826698,42.011392835849506,42.558183058178244,42.558183058178244,66603
2024-04-16,195.48182400614584,197.8282448247004,193.58074750830858,196.05811047943527,196.05811047943527,29412,195.48182400614584,197.8282448247004,193.58074750830858,196.05811047943527,196.05811047943527,29412,195.48182400614584,197.8282448247004,193.58074750830858,196.05811047943527,196.05811047943527,29412
2024-04-17,56.473986792586416,60.467145950679495,48.54803562970258,48.68275181021402,48.68275181021402,52658,56.473986792586416,60.467145950679495,48.54803562970258,48.68275181021402,48.68275181021402,52658,56.473986792586416,60.467145950679495,48.54803562970258,48.68275181021402,48.68275181021402,52658
2024-04-18,183.67146705471066,185.19562718801484,174.59247911691446,182.94110057620344,182.94110057620344,50549,183.67146705471066,185.19562718801484,174.59247911691446,182.94110057620344,182.94110057620344,50549,183.67146705471066,185.19562718801484,174.59247911691446,182.94110057620344,182.94110057620344,50549
2024-04-19,129.15516636294498,139.08000138452874,119.71815043474277,125.65125707404763,125.65125707404763,12549,129.15516636294498,139.08000138452874,119.71815043474277,125.65125707404763,125.65125707404763,12549,129.15516636294498,139.08000138452874,119.71815043474277,125.65125707404763,125.65125707404763,12549
2024-04-20,198.94471941789504,208.214729097138,189.34336337384056,190.10308687191738,190.10308687191738,72216,198.94471941789504,208.214729097138,189.34336337384056,190.10308687191738,190.10308687191738,72216,198.94471941789504,208.214729097138,189.34336337384056,190.10308687191738,190.10308687191738,72216
2024-04-21,61.06948471030983,66.46905601311542,55.85488832309511,62.099757457406184,62.099757457406184,26739,61.06948471030983,66.46905601311542,55.85488832309511,62.099757457406184,62.099757457406184,26739,61.06948471030983,66.46905601311542,55.85488832309511,62.099757457406184,62.099757457406184,26739
2024-04-22,133.07814266019813,141.49847560396233,123.30506358028309,130.54029998745926,130.54029998745926,22209,133.07814266019813,141.49847560396233,123.30506358028309,130.54029998745926,130.54029998745926,22209,133.07814266019813,141.49847560396233,123.30506358028309,130.54029998745926,130.54029998745926,22209
2024-04-23,195.39538034286485,200.60496011558527,187.82227827152047,200.2700591350837,200.2700591350837,88968,195.39538034286485,200.60496011558527,187.82227827152047,200.2700591350837,200.2700591350837,88968,195.39538034286485,200.60496011558527,187.82227827152047,200.2700591350837,200.2700591350837,88968
2024-04-24,128.46467662552232,134.7005335055499,126.8479622631527,131.1213210304803,131.1213210304803,16116,128.46467662552232,134.7005335055499,126.8479622631527,131.1213210304803,131.1213210304803,16116,128.46467662552232,134.7005335055499,126.8479622631527,131.1213210304803,131.1213210304803,16116
2024-04-25,144.40979572028937,145.30104004144954,139.64079465560965,141.19871596007673,141.19871596007673,21045,144.40979572028937,145.30104004144954,139.64079465560965,141.19871596007673,141.19871596007673,21045,144.40979572028937,145.30104004144954,139.64079465560965,141.19871596007673,141.19871596007673,21045
2024-04-26,154.36230334769257,161.91500755266065,147.17899159397254,157.63329402493235,157.63329402493235,27327,154.36230334769257,161.91500755266065,147.17899159397254,157.63329402493235,157.63329402493235,27327,154.36230334769257,161.91500755266065,147.17899159397254,157.63329402493235,157.63329402493235,27327
2024-04-27,118.18115971516599,119.45829455151834,115.70775655697516,116.7259976277262,116.7259976277262,36709,118.18115971516599,119.45829455151834,115.70775655697516,116.7259976277262,116.7259976277262,36709,118.18115971516599,119.45829455151834,115.70775655697516,116.7259976277262,116.7259976277262,36709
2024-04-28,144.13371201260952,152.3943883151348,137.72756017712064,150.98994112714763,150.98994112714763,44617,144.13371201260952,152.3943883151348,137.72756017712064,150.98994112714763,150.98994112714763,44617,144.13371201260952,152.3943883151348,137.72756017712064,150.98994112714763,150.98994112714763,44617
2024-04-29,137.64714678846502,145.46742766516888,130.98114199799883,136.40947150853356,136.40947150853356,61139,137.64714678846502,145.46742766516888,130.98114199799883,136.40947150853356,136.40947150853356,61139,137.64714678846502,145.46742766516888,130.98114199799883,136.40947150853356,136.40947150853356,61139
2024-04-30,185.17370157364834,192.26114855107812,183.5467041355627,188.3385031617153,188.3385031617153,27905,185.17370157364834,192.26114855107812,183.5467041355627,188.3385031617153,188.3385031617153,27905,185.17370157364834,192.26114855107812,183.5467041355627,188.3385031617153,188.3385031617153,27905
2024-05-01,56.81695705121868,57.1785608564663,51.166103926691115,51.47017253523934,51.47017253523934,65148,56.81695705121868,57.1785608564663,51.166103926691115,51.47017253523934,51.47017253523934,65148,56.81695705121868,57.1785608564663,51.166103926691115,51.47017253523934,51.47017253523934,65148
2024-05-02,92.14447843883454,95.17576199828783,84.42820932904846,89.00796977742154,89.00796977742154,73603,92.14447843883454,95.17576199828783,84.42820932904846,89.00796977742154,89.00796977742154,73603,92.14447843883454,95.17576199828783,84.42820932904846,89.00796977742154,89.00796977742154,73603
2024-05-03,192.56172261148382,195.19284831059224,187.5727659661244,193.9154446788739,193.9154446788739,99095,192.56172261148382,195.19284831059224,187.5727659661244,193.9154446788739,193.9154446788739,99095,192.56172261148382,195.19284831059224,187.5727659661244,193.9154446788739,193.9154446788739,99095
2024-05-04,183.53956758363745,187.14093165835263,183.4185364158764,186.41747969606755,186.41747969606755,43919,183.53956758363745,187.14093165835263,183.4185364158764,186.41747969606755,186.41747969606755,43919,183.53956758363745,187.14093165835263,183.4185364158764,186.41747969606755,186.41747969606755,43919
2024-05-05,118.34851291785694,119.22494038549532,118.25812822706402,118.4750021371254,118.4750021371254,84521,118.34851291785694,119.22494038549532,118.25812822706402,118.4750021371254,118.4750021371254,84521,118.34851291785694,119.22494038549532,118.25812822706402,118.4750021371254,118.4750021371254,84521
2024-05-06,143.0198896702305,152.38946790054112,139.44959623053037,142.3750303966823,142.3750303966823,93905,143.0198896702305,152.38946790054112,139.44959623053037,142.3750303966823,142.3750303966823,93905,143.0198896702305,152.38946790054112,139.44959623053037,142.3750303966823,142.3750303966823,93905
2024-05-07,91.6071774471699,97.14519985429366,82.34523676285208,94.44132521804713,94.44132521804713,84400,91.6071774471699,97.14519985429366,82.34523676285208,94.44132521804713,94.44132521804713,84400,91.6071774471699,97.14519985429366,82.34523676285208,94.44132521804713,94.44132521804713,84400
2024-05-08,78.2181739585642,81.27341706514443,75.9314061625281,80.90160466684965,80.90160466684965,89150,78.2181739585642,81.27341706514443,75.9314061625281,80.90160466684965,80.90160466684965,89150,78.2181739585642,81.27341706514443,75.9314061625281,80.90160466684965,80.90160466684965,89150
2024-05-09,119.55476074099732,123.52457591174016,113.21112385228045,114.19462414217548,114.19462414217548,59446,119.55476074099732,123.52457591174016,113.21112385228045,114.19462414217548,114.19462414217548,59446,119.55476074099732,123.52457591174016,113.21112385228045,114.19462414217548,114.19462414217548,59446
2024-05-10,103.00283420390792,107.47485960895628,100.78207549697471,103.7942208083866,103.7942208083866,53428,103.00283420390792,107.47485960895628,100.78207549697471,103.7942208083866,103.7942208083866,53428,103.00283420390792,107.47485960895628,100.78207549697471,103.7942208083866,103.7942208083866,53428
2024-05-11,137.5484167776308,143.55436011123697,134.3317168810353,137.44393730242734,137.44393730242734,48894,137.5484167776308,143.55436011123697,134.3317168810353,137.44393730242734,137.44393730242734,48894,137.5484167776308,143.55436011123697,134.3317168810353,137.44393730242734,137.44393730242734,48894
2024-05-12,61.66019554474772,66.8169898217127,53.17977464873288,65.05354046443543,65.05354046443543,82149,61.66019554474772,66.8169898217127,53.17977464873288,65.05354046443543,65.05354046443543,82149,61.66019554474772,66.8169898217127,53.17977464873288,65.05354046443543,65.05354046443543,82149
2024-05-13,196.15922114992497,205.35314088206914,188.8706067272255,190.2473089862193,190.2473089862193,7447,196.15922114992497,205.35314088206914,188.8706067272255,190.2473089862193,190.2473089862193,7447,196.15922114992497,205.35314088206914,188.8706067272255,190.2473089862193,190.2473089862193,7447
2024-05-14,197.93161167194043,202.90124650099872,196.97761889880832,198.22825035968359,198.22825035968359,6499,197.93161167194043,202.90124650099872,196.97761889880832,198.22825035968359,198.22825035968359,6499,197.93161167194043,202.90124650099872,196.97761889880832,198.22825035968359,198.22825035968359,6499
2024-05-15,154.72425710296176,164.64583725119488,150.43723689309743,161.1287587839859,161.1287587839859,40041,154.72425710296176,164.64583725119488,150.43723689309743,161.1287587839859,161.1287587839859,40041,154.72425710296176,164.64583725119488,150.43723689309743,161.1287587839859,161.1287587839859,40041
2024-05-16,130.41445495161804,138.928704529069,130.1227573151654,130.57444824169193,130.57444824169193,32315,130.41445495161804,138.928704529069,130.1227573151654,130.57444824169193,130.57444824169193,32315,130.41445495161804,138.928704529069,130.1227573151654,130.57444824169193,130.57444824169193,32315
2024-05-17,96.42914244294917,98.51424758652253,91.62024097691908,95.01578314702694,95.01578314702694,2299,96.42914244294917,98.51424758652253,91.62024097691908,95.01578314702694,95.01578314702694,2299,96.42914244294917,98.51424758652253,91.62024097691908,95.01578314702694,95.01578314702694,2299
2024-05-18,172.0692529560423,181.37520510248146,165.44491283903162,172.4878071132067,172.4878071132067,5994,172.0692529560423,181.37520510248146,165.44491283903162,172.4878071132067,172.4878071132067,5994,172.0692529560423,181.37520510248146,165.44491283903162,172.4878071132067,172.4878071132067,5994
2024-05-19,152.7096758830819,153.87333986193667,151.52464964710038,152.31005442402096,152.31005442402096,96414,152.7096758830819,153.87333986193667,151.52464964710038,152.31005442402096,152.31005442402096,96414,152.7096758830819,153.87333986193667,151.52464964710038,152.31005442402096,152.31005442402096,96414
2024-05-20,74.3925409017337,82.56703798664562,71.50369151264204,75.86898174606507,75.86898174606507,82163,74.3925409017337,82.56703798664562,71.50369151264204,75.86898174606507,75.86898174606507,82163,74.3925409017337,82.56703798664562,71.50369151264204,75.86898174606507,75.86898174606507,82163
2024-05-21,186.63907767407636,190.44531060884216,182.6607114190548,186.78608648270733,186.78608648270733,8489,186.63907767407636,190.44531060884216,182.6607114190548,186.78608648270733,186.78608648270733,8489,186.63907767407636,190.44531060884216,182.6607114190548,186.78608648270733,186.78608648270733,8489
2024-05-22,173.38058643847535,182.16032964292603,164.18527619191485,167.08586308419453,167.08586308419453,92647,173.38058643847535,182.16032964292603,164.18527619191485,167.08586308419453,167.08586308419453,92647,173.38058643847535,182.16032964292603,164.18527619191485,167.08586308419453,167.08586308419453,92647
2024-05-23,192.4699869937886,201.15055389486312,182.53743683955898,193.184063077203,193.184063077203,33355,192.4699869937886,201.15055389486312,182.53743683955898,193.184063077203,193.184063077203,33355,192.4699869937886,201.15055389486312,182.53743683955898,193.184063077203,193.184063077203,33355
2024-05-24,158.857926258254,166.9171802594302,158.40881326829785,165.2617271125047,165.2617271125047,74805,158.857926258254,166.9171802594302,158.40881326829785,165.2617271125047,165.2617271125047,74805,158.857926258254,166.9171802594302,158.40881326829785,165.2617271125047,165.2617271125047,74805
2024-05-25,142.01227939036846,149.91258375343907,134.40220015541453,146.1925877726909,146.1925877726909,69367,142.01227939036846,149.91258375343907,134.40220015541453,146.1925877726909,146.1925877726909,69367,142.01227939036846,149.91258375343907,134.40220015541453,146.1925877726909,146.1925877726909,69367
2024-05-26,112.73645544359283,115.78324683457323,109.0192147795694,110.06019866818012,110.06019866818012,78355,112.73645544359283,115.78324683457323,109.0192147795694,110.06019866818012,110.06019866818012,78355,112.73645544359283,115.78324683457323,109.0192147795694,110.06019866818012,110.06019866818012,78355
2024-05-27,189.909272503102,190.71846533361452,185.9846906408072,186.6912040035843,186.6912040035843,91349,189.909272503102,190.71846533361452,185.9846906408072,186.6912040035843,186.6912040035843,91349,189.909272503102,190.71846533361452,185.9846906408072,186.6912040035843,186.6912040035843,91349
2024-05-28,179.90958342506124,183.93938521271286,172.36693369159102,175.47036856152653,175.47036856152653,88173,179.90958342506124,183.93938521271286,172.36693369159102,175.47036856152653,175.47036856152653,88173,179.90958342506124,183.93938521271286,172.36693369159102,175.47036856152653,175.47036856152653,88173
2024-05-29,56.782800515928415,58.5180456657935,47.59853619447433,51.54129508860926,51.54129508860926,2996,56.782800515928415,58.5180456657935,47.59853619447433,51.54129508860926,51.54129508860926,2996,56.782800515928415,58.5180456657935,47.59853619447433,51.54129508860926,51.54129508860926,2996
2024-05-30,53.9550461745878,60.904557063612415,44.44576022956232,51.168447659698344,51.168447659698344,45387,53.9550461745878,60.904557063612415,44.44576022956232,51.168447659698344,51.168447659698344,45387,53.9550461745878,60.904557063612415,44.44576022956232,51.168447659698344,51.168447659698344,45387
2024-05-31,106.46950503170744,109.9305022970853,100.69827917132423,106.97339553508847,106.97339553508847,4089,106.46950503170744,109.9305022970853,100.69827917132423,106.97339553508847,106.97339553508847,4089,106.46950503170744,109.9305022970853,100.69827917132423,106.97339553508847,106.97339553508847,4089
2024-06-01,171.58299961727494,181.3391016258741,168.01178802426992,168.76718591881846,168.76718591881846,99827,171.58299961727494,181.3391016258741,168.01178802426992,168.76718591881846,168.76718591881846,99827,171.58299961727494,181.3391016258741,168.01178802426992,168.76718591881846,168.76718591881846,99827
2024-06-02,198.09141939724168,204.501140170695,190.21592853865388,190.7112354563784,190.7112354563784,21659,198.09141939724168,204.501140170695,190.21592853865388,190.7112354563784,190.7112354563784,21659,198.09141939724168,204.501140170695,190.21592853865388,190.7112354563784,190.7112354563784,21659
2024-06-03,72.56253366552923,80.78733930187283,70.05251983290623,74.25960897409017,74.25960897409017,46178,72.56253366552923,80.78733930187283,70.05251983290623,74.25960897409017,74.25960897409017,46178,72.56253366552923,80.78733930187283,70.05251983290623,74.25960897409017,74.25960897409017,46178
2024-06-04,139.11960730282027,140.44485403023876,133.4788670144851,138.33530024177315,138.33530024177315,96965,139.11960730282027,140.44485403023876,133.4788670144851,138.33530024177315,138.33530024177315,96965,139.11960730282027,140.44485403023876,133.4788670144851,138.33530024177315,138.33530024177315,96965
2024-06-05,107.13362849465324,115.75377331737945,103.54784387940451,105.90890202634182,105.90890202634182,82268,107.13362849465324,115.75377331737945,103.54784387940451,105.90890202634182,105.90890202634182,82268,107.13362849465324,115.75377331737945,103.54784387940451,105.90890202634182,105.90890202634182,82268
2024-06-06,195.48715967219047,204.71473157732441,188.9208489351117,199.0526954265265,199.0526954265265,86042,195.48715967219047,204.71473157732441,188.9208489351117,199.0526954265265,199.0526954265265,86042,195.48715967219047,204.71473157732441,188.9208489351117,199.0526954265265,199.0526954265265,86042
2024-06-07,176.31783847035632,181.18845765854567,173.91384934142124,175.8039972747047,175.8039972747047,71726,176.31783847035632,181.18845765854567,173.91384934142124,175.8039972747047,175.8039972747047,71726,176.31783847035632,181.18845765854567,173.91384934142124,175.8039972747047,175.8039972747047,71726
2024-06-08,175.74930570667067,181.81183508418044,173.8333762493224,180.9029777926306,180.9029777926306,71111,175.74930570667067,181.81183508418044,173.8333762493224,180.9029777926306,180.9029777926306,71111,175.74930570667067,181.81183508418044,173.8333762493224,180.9029777926306,180.9029777926306,71111
2024-06-09,120.30397396924555,127.9520719782755,111.12158310249117,126.19648274562235,126.19648274562235,35565,120.30397396924555,127.9520719782755,111.12158310249117,126.19648274562235,126.19648274562235,35565,120.30397396924555,127.9520719782755,111.12158310249117,126.19648274562235,126.19648274562235,35565
2024-06-10,112.22292535064977,113.9713116232539,111.2048885211544,112.02731071103683,112.02731071103683,90242,112.22292535064977,113.9713116232539,111.2048885211544,112.02731071103683,112.02731071103683,90242,112.22292535064977,113.9713116232539,111.2048885211544,112.02731071103683,112.02731071103683,90242
2024-06-11,91.01106078960593,96.03672155424036,85.95148171225662,88.2710238831341,88.2710238831341,23884,91.01106078960593,96.03672155424036,85.95148171225662,88.2710238831341,88.2710238831341,23884,91.01106078960593,96.03672155424036,85.95148171225662,88.2710238831341,88.2710238831341,23884
2024-06-12,58.456324497639066,62.442954775362196,56.247796668008974,58.79588980514167,58.79588980514167,18199,58.456324497639066,62.442954775362196,56.247796668008974,58.79588980514167,58.79588980514167,18199,58.456324497639066,62.442954775362196,56.247796668008974,58.79588980514167,58.79588980514167,18199
2024-06-13,179.708356438258,181.1720963598805,179.3190568050013,179.7647713465379,179.7647713465379,61038,179.708356438258,181.1720963598805,179.3190568050013,179.7647713465379,179.7647713465379,61038,179.708356438258,181.1720963598805,179.3190568050013,179.7647713465379,179.7647713465379,61038
2024-06-14,171.93515136951163,175.61049559242696,171.57496318659736,174.2883899753573,174.2883899753573,58786,171.93515136951163,175.61049559242696,171.57496318659736,174.2883899753573,174.2883899753573,58786,171.93515136951163,175.61049559242696,171.57496318659736,174.2883899753573,174.2883899753573,58786
2024-06-15,199.95765099291958,200.63937408677452,198.2054332718613,200.2160258233418,200.2160258233418,50294,199.95765099291958,200.63937408677452,198.2054332718613,200.2160258233418,200.2160258233418,50294,199.95765099291958,200.63937408677452,198.2054332718613,200.2160258233418,200.2160258233418,50294
2024-06-16,199.4955255610858,199.75364463058068,190.8278220160258,196.83572297979208,196.83572297979208,79015,199.4955255610858,199.75364463058068,190.8278220160258,196.83572297979208,196.83572297979208,79015,199.4955255610858,199.75364463058068,190.8278220160258,196.83572297979208,196.83572297979208,79015
2024-06-17,133.31475584039413,134.66641873194234,130.48996840062387,133.93282709916096,133.93282709916096,35178,133.31475584039413,134.66641873194234,130.48996840062387,133.93282709916096,133.93282709916096,35178,133.31475584039413,134.66641873194234,130.48996840062387,133.93282709916096,133.93282709916096,35178
2024-06-18,165.34811227707658,174.9792633929683,155.8435205713236,163.4402604895345,163.4402604895345,13665,165.34811227707658,174.9792633929683,155.8435205713236,163.4402604895345,163.4402604895345,13665,165.34811227707658,174.9792633929683,155.8435205713236,163.4402604895345,163.4402604895345,13665
2024-06-19,191.7148594823642,197.21015484131436,185.89863655247228,187.66681882550196,187.66681882550196,1534,191.7148594823642,197.21015484131436,185.89863655247228,187.66681882550196,187.66681882550196,1534,191.7148594823642,197.21015484131436,185.89863655247228,187.66681882550196,187.66681882550196,1534
2024-06-20,177.44710860161172,187.10533021314393,173.08096670392405,183.43025904220107,183.43025904220107,92828,177.44710860161172,187.10533021314393,173.08096670392405,183.43025904220107,183.43025904220107,92828,177.44710860161172,187.10533021314393,173.08096670392405,183.43025904220107,183.43025904220107,92828
2024-06-21,87.10221526147964,91.42719404478096,81.3013269147851,84.95144385759949,84.95144385759949,37132,87.10221526147964,91.42719404478096,81.3013269147851,84.95144385759949,84.95144385759949,37132,87.10221526147964,91.42719404478096,81.3013269147851,84.95144385759949,84.95144385759949,37132
2024-06-22,117.58162029651403,120.69978162736663,112.41463644425136,117.97621268846432,117.97621268846432,37110,117.58162029651403,120.69978162736663,112.41463644425136,117.97621268846432,117.97621268846432,37110,117.58162029651403,120.69978162736663,112.41463644425136,117.97621268846432,117.97621268846432,37110
2024-06-23,69.37391227272425,74.43533090112669,61.786149735151,65.20957398875217,65.20957398875217,59754,69.37391227272425,74.43533090112669,61.786149735151,65.20957398875217,65.20957398875217,59754,69.37391227272425,74.43533090112669,61.786149735151,65.20957398875217,65.20957398875217,59754
2024-06-24,193.10765408880835,197.50277097513745,190.2826934290798,190.86917769142192,190.86917769142192,64580,193.10765408880835,197.50277097513745,190.2826934290798,190.86917769142192,190.86917769142192,64580,193.10765408880835,197.50277097513745,190.2826934290798,190.86917769142192,190.86917769142192,64580
2024-06-25,140.926195167632,141.9828420102494,137.39569125162896,141.9488135877935,141.9488135877935,23469,140.926195167632,141.9828420102494,137.39569125162896,141.9488135877935,141.9488135877935,23469,140.926195167632,141.9828420102494,137.39569125162896,141.9488135877935,141.9488135877935,23469
2024-06-26,84.2964208255194,90.70468397242146,75.3554778001869,77.7530469498276,77.7530469498276,65016,84.2964208255194,90.70468397242146,75.3554778001869,77.7530469498276,77.7530469498276,65016,84.2964208255194,90.70468397242146,75.3554778001869,77.7530469498276,77.7530469498276,65016
2024-06-27,150.7551026608785,152.9154844859745,141.29053752937443,152.7808791549898,152.7808791549898,47233,150.7551026608785,152.9154844859745,141.29053752937443,152.7808791549898,152.7808791549898,47233,150.7551026608785,152.9154844859745,141.29053752937443,152.7808791549898,152.7808791549898,47233
2024-06-28,142.71923606868438,148.91511561766268,133.79365379381963,148.57155498533106,148.57155498533106,67708,142.71923606868438,148.91511561766268,133.79365379381963,148.57155498533106,148.57155498533106,67708,142.71923606868438,148.91511561766268,133.79365379381963,148.57155498533106,148.57155498533106,67708
2024-06-29,103.72440770492608,110.22641862890761,99.52992776535294,108.02099586112958,108.02099586112958,59232,103.72440770492608,110.22641862890761,99.52992776535294,108.02099586112958,108.02099586112958,59232,103.72440770492608,110.22641862890761,99.52992776535294,108.02099586112958,108.02099586112958,59232
2024-06-30,67.03363882994435,68.55388736123084,59.229983799875534,65.37837990447133,65.37837990447133,94450,67.03363882994435,68.55388736123084,59.229983799875534,65.37837990447133,65.37837990447133,94450,67.03363882994435,68.55388736123084,59.229983799875534,65.37837990447133,65.37837990447133,94450
2024-07-01,150.73597933891995,151.34947561002662,145.97262200590896,149.07940592653608,149.07940592653608,87437,150.73597933891995,151.34947561002662,145.97262200590896,149.07940592653608,149.07940592653608,87437,150.73597933891995,151.34947561002662,145.97262200590896,149.07940592653608,149.07940592653608,87437
2024-07-02,128.046155135569,135.8537709962534,123.07075661410798,134.1421451250712,134.1421451250712,35409,128.046155135569,135.8537709962534,123.07075661410798,134.1421451250712,134.1421451250712,35409,128.046155135569,135.8537709962534,123.07075661410798,134.1421451250712,134.1421451250712,35409
2024-07-03,165.8477587603459,170.4457629980391,163.80095766977306,165.724226945241,165.724226945241,20324,165.8477587603459,170.4457629980391,163.80095766977306,165.724226945241,165.724226945241,20324,165.8477587603459,170.4457629980391,163.80095766977306,165.724226945241,165.724226945241,20324
2024-07-04,128.024525166799,128.60616312185377,122.11322213421384,125.14984864790604,125.14984864790604,9738,128.024525166799,128.60616312185377,122.11322213421384,125.14984864790604,125.14984864790604,9738,128.024525166799,128.60616312185377,122.11322213421384,125.14984864790604,125.14984864790604,9738
2024-07-05,177.827225047781,187.77588821947867,175.96586607024753,183.28087532747753,183.28087532747753,25054,177.827225047781,187.77588821947867,175.96586607024753,183.28087532747753,183.28087532747753,25054,177.827225047781,187.77588821947867,175.96586607024753,183.28087532747753,183.28087532747753,25054
2024-07-06,132.78602581617284,133.3638314261365,129.4703788255009,131.07132945313154,131.07132945313154,30709,132.78602581617284,133.3638314261365,129.4703788255009,131.07132945313154,131.07132945313154,30709,132.78602581617284,133.3638314261365,129.4703788255009,131.07132945313154,131.07132945313154,30709
2024-07-07,134.14069573030793,141.09104801889345,125.59039371410857,132.2167134589401,132.2167134589401,86643,134.14069573030793,141.09104801889345,125.59039371410857,132.2167134589401,132.2167134589401,86643,134.14069573030793,141.09104801889345,125.59039371410857,132.2167134589401,132.2167134589401,86643
2024-07-08,181.49804039875175,191.3348296513859,179.4272823066432,183.36016262216688,183.36016262216688,1363,181.49804039875175,191.3348296513859,179.4272823066432,183.36016262216688,183.36016262216688,1363,181.49804039875175,191.3348296513859,179.4272823066432,183.36016262216688,183.36016262216688,1363
2024-07-09,110.52242993185956,112.91423097401882,109.81084708012523,111.56187501244634,111.56187501244634,11358,110.52242993185956,112.91423097401882,109.81084708012523,111.56187501244634,111.56187501244634,11358,110.52242993185956,112.91423097401882,109.81084708012523,111.56187501244634,111.56187501244634,11358
2024-07-10,70.1022842675961,71.52477795446806,69.41220834146795,71.2091062429446,71.2091062429446,4240,70.1022842675961,71.52477795446806,69.41220834146795,71.2091062429446,71.2091062429446,4240,70.1022842675961,71.52477795446806,69.41220834146795,71.2091062429446,71.2091062429446,4240
2024-07-11,54.31740144700085,55.53125084122514,44.90955624196977,47.050129126236115,47.050129126236115,73201,54.31740144700085,55.53125084122514,44.90955624196977,47.050129126236115,47.050129126236115,73201,54.31740144700085,55.53125084122514,44.90955624196977,47.050129126236115,47.050129126236115,73201
2024-07-12,163.27058835104285,166.3033398267188,158.2013839714245,165.7721192011334,165.7721192011334,46689,163.27058835104285,166.3033398267188,158.2013839714245,165.7721192011334,165.7721192011334,46689,163.27058835104285,166.3033398267188,158.2013839714245,165.7721192011334,165.7721192011334,46689
2024-07-13,143.04643270301972,144.0568908131262,138.95231198484953,142.46981423299957,142.46981423299957,2936,143.04643270301972,144.0568908131262,138.95231198484953,142.46981423299957,142.46981423299957,2936,143.04643270301972,144.0568908131262,138.95231198484953,142.46981423299957,142.46981423299957,2936
2024-07-14,155.61196521488353,162.53357863182484,147.50317940480434,159.87730446429694,159.87730446429694,92074,155.61196521488353,162.53357863182484,147.50317940480434,159.87730446429694,159.87730446429694,92074,155.61196521488353,162.53357863182484,147.50317940480434,159.87730446429694,159.87730446429694,92074
2024-07-15,81.94462422633661,82.56754220763725,73.58636494723146,78.58161214832947,78.58161214832947,44965,81.94462422633661,82.56754220763725,73.58636494723146,78.58161214832947,78.58161214832947,44965,81.94462422633661,82.56754220763725,73.58636494723146,78.58161214832947,78.58161214832947,44965
2024-07-16,70.45572133801546,75.54994261951336,67.13381100685942,73.6943261603062,73.6943261603062,78534,70.45572133801546,75.54994261951336,67.13381100685942,73.6943261603062,73.6943261603062,78534,70.45572133801546,75.54994261951336,67.13381100685942,73.6943261603062,73.6943261603062,78534
2024-07-17,52.18169985018229,62.14866838871206,45.24551927544434,45.51935700736754,45.51935700736754,1882,52.18169985018229,62.14866838871206,45.24551927544434,45.51935700736754,45.51935700736754,1882,52.18169985018229,62.14866838871206,45.24551927544434,45.51935700736754,45.51935700736754,1882
2024-07-18,102.58813382098955,110.72783651604975,94.87690566247069,107.84899718757376,107.84899718757376,21224,102.58813382098955,110.72783651604975,94.87690566247069,107.84899718757376,107.84899718757376,21224,102.58813382098955,110.72783651604975,94.87690566247069,107.84899718757376,107.84899718757376,21224
2024-07-19,138.48765302819496,144.63984741050507,131.9411461595354,132.45085753961524,132.45085753961524,31825,138.48765302819496,144.63984741050507,131.9411461595354,132.45085753961524,132.45085753961524,31825,138.48765302819496,144.63984741050507,131.9411461595354,132.45085753961524,132.45085753961524,31825
2024-07-20,108.83660676495984,111.89914297282596,107.32065601695885,111.39511280248787,111.39511280248787,71740,108.83660676495984,111.89914297282596,107.32065601695885,111.39511280248787,111.39511280248787,71740,108.83660676495984,111.89914297282596,107.32065601695885,111.39511280248787,111.39511280248787,71740
2024-07-21,115.62123830355937,121.86019666647576,106.8624074683888,121.7396556438292,121.7396556438292,29885,115.62123830355937,121.86019666647576,106.8624074683888,121.7396556438292,121.7396556438292,29885,115.62123830355937,121.86019666647576,106.8624074683888,121.7396556438292,121.7396556438292,29885
2024-07-22,185.62380417406226,190.89421881317878,180.23285864670217,183.36801777421053,183.36801777421053,41056,185.62380417406226,190.89421881317878,180.23285864670217,183.36801777421053,183.36801777421053,41056,185.62380417406226,190.89421881317878,180.23285864670217,183.36801777421053,183.36801777421053,41056
2024-07-23,102.23832005349504,106.49915389239877,99.41359578979501,100.90382014041374,100.90382014041374,4203,102.23832005349504,106.49915389239877,99.41359578979501,100.90382014041374,100.90382014041374,4203,102.23832005349504,106.49915389239877,99.41359578979501,100.90382014041374,100.90382014041374,4203
2024-07-24,127.09842337397161,128.4055271413736,122.84614151959468,127.10109160006341,127.10109160006341,61241,127.09842337397161,128.4055271413736,122.84614151959468,127.10109160006341,127.10109160006341,61241,127.09842337397161,128.4055271413736,122.84614151959468,127.10109160006341,127.10109160006341,61241
2024-07-25,167.54795191117148,176.41399406357615,167.1722410071824,169.5106479667303,169.5106479667303,3244,167.54795191117148,176.41399406357615,167.1722410071824,169.5106479667303,169.5106479667303,3244,167.54795191117148,176.41399406357615,167.1722410071824,169.5106479667303,169.5106479667303,3244
2024-07-26,109.48141734819052,113.97926383640375,108.20274933596635,113.20268299339374,113.20268299339374,99322,109.48141734819052,113.97926383640375,108.20274933596635,113.20268299339374,113.20268299339374,99322,109.48141734819052,113.97926383640375,108.20274933596635,113.20268299339374,113.20268299339374,99322
2024-07-27,143.313005034181,145.25923015238865,135.6575375290224,136.6450004875087,136.6450004875087,69619,143.313005034181,145.25923015238865,135.6575375290224,136.6450004875087,136.6450004875087,69619,143.313005034181,145.25923015238865,135.6575375290224,136.6450004875087,136.6450004875087,69619
2024-07-28,179.35455631201177,183.03214982078467,179.3544399644581,179.81766663163802,179.81766663163802,22584,179.35455631201177,183.03214982078467,179.3544399644581,179.81766663163802,179.81766663163802,22584,179.35455631201177,183.03214982078467,179.3544399644581,179.81766663163802,179.81766663163802,22584
2024-07-29,192.42809354864633,196.5693910739356,188.26243526382342,196.39620396344685,196.39620396344685,9521,192.42809354864633,196.5693910739356,188.26243526382342,196.39620396344685,196.39620396344685,9521,192.42809354864633,196.5693910739356,188.26243526382342,196.39620396344685,196.39620396344685,9521
2024-07-30,72.06102213935569,80.33640109502443,66.8359203284998,75.93306941433013,75.93306941433013,51017,72.06102213935569,80.33640109502443,66.8359203284998,75.93306941433013,75.93306941433013,51017,72.06102213935569,80.33640109502443,66.8359203284998,75.93306941433013,75.93306941433013,51017
2024-07-31,188.98814377422417,196.3242875798382,188.44179957421446,195.11737796289165,195.11737796289165,34541,188.98814377422417,196.3242875798382,188.44179957421446,195.11737796289165,195.11737796289165,34541,188.98814377422417,196.3242875798382,188.44179957421446,195.11737796289165,195.11737796289165,34541
2024-08-01,123.81744396193073,131.51049289834413,114.08666233220741,119.73772245080087,119.73772245080087,30063,123.81744396193073,131.51049289834413,114.08666233220741,119.73772245080087,119.73772245080087,30063,123.81744396193073,131.51049289834413,114.08666233220741,119.73772245080087,119.73772245080087,30063
2024-08-02,88.73665824484375,88.84697088913022,86.47540493234703,88.07973076302714,88.07973076302714,71268,88.73665824484375,88.84697088913022,86.47540493234703,88.07973076302714,88.07973076302714,71268,88.73665824484375,88.84697088913022,86.47540493234703,88.07973076302714,88.07973076302714,71268
2024-08-03,118.8703634357392,123.03190341753681,115.82837623937638,120.10901339279357,120.10901339279357,65952,118.8703634357392,123.03190341753681,115.82837623937638,120.10901339279357,120.10901339279357,65952,118.8703634357392,123.03190341753681,115.82837623937638,120.10901339279357,120.10901339279357,65952
2024-08-04,197.00488629282157,201.8183278091748,193.96546117027128,198.70191862683544,198.70191862683544,94054,197.00488629282157,201.8183278091748,193.96546117027128,198.70191862683544,198.70191862683544,94054,197.00488629282157,201.8183278091748,193.96546117027128,198.70191862683544,198.70191862683544,94054
2024-08-05,123.89271409893044,124.08463686716101,121.58854747775695,123.29220950793291,123.29220950793291,40563,123.89271409893044,124.08463686716101,121.58854747775695,123.29220950793291,123.29220950793291,40563,123.89271409893044,124.08463686716101,121.58854747775695,123.29220950793291,123.29220950793291,40563
2024-08-06,99.31274154312624,101.91087363057657,99.29800332226313,100.80134222234793,100.80134222234793,40752,99.31274154312624,101.91087363057657,99.29800332226313,100.80134222234793,100.80134222234793,40752,99.31274154312624,101.91087363057657,99.29800332226313,100.80134222234793,100.80134222234793,40752
2024-08-07,145.01012814750885,152.6130263787302,137.7166802066289,144.10814178918338,144.10814178918338,96233,145.01012814750885,152.6130263787302,137.7166802066289,144.10814178918338,144.10814178918338,96233,145.01012814750885,152.6130263787302,137.7166802066289,144.10814178918338,144.10814178918338,96233
2024-08-08,86.02184281672896,87.39293987401895,76.35338781873611,79.39945076658405,79.39945076658405,3567,86.02184281672896,87.39293987401895,76.35338781873611,79.39945076658405,79.39945076658405,3567,86.02184281672896,87.39293987401895,76.35338781873611,79.39945076658405,79.39945076658405,3567
2024-08-09,61.379499216299585,66.73260053082551,59.136564383449134,64.97473595526446,64.97473595526446,17121,61.379499216299585,66.73260053082551,59.136564383449134,64.97473595526446,64.97473595526446,17121,61.379499216299585,66.73260053082551,59.136564383449134,64.97473595526446,64.97473595526446,17121
2024-08-10,69.33195828659738,71.48397700676976,62.70148636856316,64.6887218667504,64.6887218667504,2674,69.33195828659738,71.48397700676976,62.70148636856316,64.6887218667504,64.6887218667504,2674,69.33195828659738,71.48397700676976,62.70148636856316,64.6887218667504,64.6887218667504,2674
2024-08-11,69.20687584366587,69.3280835901048,61.78791257407872,67.00838244616507,67.00838244616507,77411,69.20687584366587,69.3280835901048,61.78791257407872,67.00838244616507,67.00838244616507,77411,69.20687584366587,69.3280835901048,61.78791257407872,67.00838244616507,67.00838244616507,77411
2024-08-12,72.78540402684415,75.19741860283956,64.3011502359389,66.8436072903324,66.8436072903324,67275,72.78540402684415,75.19741860283956,64.3011502359389,66.8436072903324,66.8436072903324,67275,72.78540402684415,75.19741860283956,64.3011502359389,66.8436072903324,66.8436072903324,67275
2024-08-13,70.82407589741152,80.58281344651206,66.59778392727543,75.34304481335772,75.34304481335772,68081,70.82407589741152,80.58281344651206,66.59778392727543,75.34304481335772,75.34304481335772,68081,70.82407589741152,80.58281344651206,66.59778392727543,75.34304481335772,75.34304481335772,68081
2024-08-14,146.13121172048218,154.1465828393121,143.1019026640779,151.3531431903862,151.3531431903862,30140,146.13121172048218,154.1465828393121,143.1019026640779,151.3531431903862,151.3531431903862,30140,146.13121172048218,154.1465828393121,143.1019026640779,151.3531431903862,151.3531431903862,30140
2024-08-15,77.28201265987173,86.87777910308206,74.02906131964141,76.83925435352033,76.83925435352033,10327,77.28201265987173,86.87777910308206,74.02906131964141,76.83925435352033,76.83925435352033,10327,77.28201265987173,86.87777910308206,74.02906131964141,76.83925435352033,76.83925435352033,10327
2024-08-16,101.85009249857947,106.7286329378431,94.72387916759435,95.4434837346103,95.4434837346103,71663,101.85009249857947,106.7286329378431,94.72387916759435,95.4434837346103,95.4434837346103,71663,101.85009249857947,106.7286329378431,94.72387916759435,95.4434837346103,95.4434837346103,71663
2024-08-17,184.51826148590177,185.61562347267682,176.3504668208454,177.56395906696315,177.56395906696315,24331,184.51826148590177,185.61562347267682,176.3504668208454,177.56395906696315,177.56395906696315,24331,184.51826148590177,185.61562347267682,176.3504668208454,177.56395906696315,177.56395906696315,24331
2024-08-18,121.09424603943086,126.57384092916779,119.27810636186483,123.69929938366481,123.69929938366481,24004,121.09424603943086,126.57384092916779,119.27810636186483,123.69929938366481,123.69929938366481,24004,121.09424603943086,126.57384092916779,119.27810636186483,123.69929938366481,123.69929938366481,24004
2024-08-19,150.13366077815408,154.6774341237537,146.42425069657642,153.43488769871396,153.43488769871396,11492,150.13366077815408,154.6774341237537,146.42425069657642,153.43488769871396,153.43488769871396,11492,150.13366077815408,154.6774341237537,146.42425069657642,153.43488769871396,153.43488769871396,11492
2024-08-20,75.84798068024448,84.29155150764063,66.82857871275297,67.61435697784361,67.61435697784361,55797,75.84798068024448,84.29155150764063,66.82857871275297,67.61435697784361,67.61435697784361,55797,75.84798068024448,84.29155150764063,66.82857871275297,67.61435697784361,67.61435697784361,55797
2024-08-21,78.84335282130061,79.82417862914306,70.77641762435321,77.41884275752759,77.41884275752759,59095,78.84335282130061,79.82417862914306,70.77641762435321,77.41884275752759,77.41884275752759,59095,78.84335282130061,79.82417862914306,70.77641762435321,77.41884275752759,77.41884275752759,59095
2024-08-22,56.13029243997183,61.01270381018961,46.28170841234707,51.30967181503514,51.30967181503514,14749,56.13029243997183,61.01270381018961,46.28170841234707,51.30967181503514,51.30967181503514,14749,56.13029243997183,61.01270381018961,46.28170841234707,51.30967181503514,51.30967181503514,14749
2024-08-23,75.34025946082468,76.84074610776453,67.79777686400388,72.12509419545304,72.12509419545304,64217,75.34025946082468,76.84074610776453,67.79777686400388,72.12509419545304,72.12509419545304,64217,75.34025946082468,76.84074610776453,67.79777686400388,72.12509419545304,72.12509419545304,64217
2024-08-24,91.78855085479378,95.03531012369439,87.85659884451456,94.52461337176481,94.52461337176481,90044,91.78855085479378,95.03531012369439,87.85659884451456,94.52461337176481,94.52461337176481,90044,91.78855085479378,95.03531012369439,87.85659884451456,94.52461337176481,94.52461337176481,90044
2024-08-25,76.55157264151202,83.92514341539002,70.64519430156565,75.05375899169739,75.05375899169739,10045,76.55157264151202,83.92514341539002,70.64519430156565,75.05375899169739,75.05375899169739,10045,76.55157264151202,83.92514341539002,70.64519430156565,75.05375899169739,75.05375899169739,10045
2024-08-26,63.305380063558346,68.06556135724601,56.69523752108514,61.9862691529033,61.9862691529033,21116,63.305380063558346,68.06556135724601,56.69523752108514,61.9862691529033,61.9862691529033,21116,63.305380063558346,68.06556135724601,56.69523752108514,61.9862691529033,61.9862691529033,21116
2024-08-27,68.09538066509012,71.85426351654782,67.31082250191888,67.37298774632173,67.37298774632173,19667,68.09538066509012,71.85426351654782,67.31082250191888,67.37298774632173,67.37298774632173,19667,68.09538066509012,71.85426351654782,67.31082250191888,67.37298774632173,67.37298774632173,19667
2024-08-28,119.11681520490886,123.06157799060921,113.6718456138702,114.4380357570001,114.4380357570001,76057,119.11681520490886,123.06157799060921,113.6718456138702,114.4380357570001,114.4380357570001,76057,119.11681520490886,123.06157799060921,113.6718456138702,114.4380357570001,114.4380357570001,76057
2024-08-29,80.95005776086887,85.54452544492874,73.85684947614277,76.87918420157891,76.87918420157891,75205,80.95005776086887,85.54452544492874,73.85684947614277,76.87918420157891,76.87918420157891,75205,80.95005776086887,85.54452544492874,73.85684947614277,76.87918420157891,76.87918420157891,75205
2024-08-30,104.64047915721132,112.49064459558188,102.96726611720071,103.23251354801081,103.23251354801081,28302,104.64047915721132,112.49064459558188,102.96726611720071,103.23251354801081,103.23251354801081,28302,104.64047915721132,112.49064459558188,102.96726611720071,103.23251354801081,103.23251354801081,28302
2024-08-31,125.51259062822854,134.4334375176309,117.70627345397297,128.26739211852757,128.26739211852757,12283,125.51259062822854,134.4334375176309,117.70627345397297,128.26739211852757,128.26739211852757,12283,125.51259062822854,134.4334375176309,117.70627345397297,128.26739211852757,128.26739211852757,12283
2024-09-01,153.5592242944048,163.1125711594441,147.72149648926367,154.28422543803967,154.28422543803967,31935,153.5592242944048,163.1125711594441,147.72149648926367,154.28422543803967,154.28422543803967,31935,153.5592242944048,163.1125711594441,147.72149648926367,154.28422543803967,154.28422543803967,31935
2024-09-02,55.89682097616484,63.76585483871779,46.37460311918889,55.90753431868412,55.90753431868412,73534,55.89682097616484,63.76585483871779,46.37460311918889,55.90753431868412,55.90753431868412,73534,55.89682097616484,63.76585483871779,46.37460311918889,55.90753431868412,55.90753431868412,73534
2024-09-03,169.9115598363564,173.0656287938365,169.48733685428746,170.11227547184524,170.11227547184524,95342,169.9115598363564,173.0656287938365,169.48733685428746,170.11227547184524,170.11227547184524,95342,169.9115598363564,173.0656287938365,169.48733685428746,170.11227547184524,170.11227547184524,95342
2024-09-04,144.18505842363618,151.0664054845016,141.5317970480815,144.35339307255478,144.35339307255478,32624,144.18505842363618,151.0664054845016,141.5317970480815,144.35339307255478,144.35339307255478,32624,144.18505842363618,151.0664054845016,141.5317970480815,144.35339307255478,144.35339307255478,32624
2024-09-05,62.26385479233079,66.6398860328847,56.24831599933255,63.146494519750625,63.146494519750625,14440,62.26385479233079,66.6398860328847,56.24831599933255,63.146494519750625,63.146494519750625,14440,62.26385479233079,66.6398860328847,56.24831599933255,63.146494519750625,63.146494519750625,14440
2024-09-06,181.03679361601658,183.5834998364771,178.07119449395728,183.39223785457406,183.39223785457406,47501,181.03679361601658,183.5834998364771,178.07119449395728,183.39223785457406,183.39223785457406,47501,181.03679361601658,183.5834998364771,178.07119449395728,183.39223785457406,183.39223785457406,47501
2024-09-07,188.130860079772,196.53957587403121,180.98661843905958,181.77074837290334,181.77074837290334,88333,188.130860079772,196.53957587403121,180.98661843905958,181.77074837290334,181.77074837290334,88333,188.130860079772,196.53957587403121,180.98661843905958,181.77074837290334,181.77074837290334,88333
2024-09-08,59.161693978229565,59.545957467852816,51.571641153010255,58.67184736928642,58.67184736928642,2269,59.161693978229565,59.545957467852816,51.571641153010255,58.67184736928642,58.67184736928642,2269,59.161693978229565,59.545957467852816,51.571641153010255,58.67184736928642,58.67184736928642,2269
2024-09-09,91.53164722208055,100.54926714343479,90.50648758141581,96.29997831965697,96.29997831965697,8868,91.53164722208055,100.54926714343479,90.50648758141581,96.29997831965697,96.29997831965697,8868,91.53164722208055,100.54926714343479,90.50648758141581,96.29997831965697,96.29997831965697,8868
2024-09-10,170.9301919689592,175.54496661520656,165.79164732689154,171.2917349143874,171.2917349143874,31251,170.9301919689592,175.54496661520656,165.79164732689154,171.2917349143874,171.2917349143874,31251,170.9301919689592,175.54496661520656,165.79164732689154,171.2917349143874,171.2917349143874,31251
2024-09-11,162.23895355754877,168.61096832563157,157.1500480016382,162.88370043345844,162.88370043345844,78909,162.23895355754877,168.61096832563157,157.1500480016382,162.88370043345844,162.88370043345844,78909,162.23895355754877,168.61096832563157,157.1500480016382,162.88370043345844,162.88370043345844,78909
2024-09-12,77.6781529034566,84.27169212551443,73.9853452013012,74.69915684340029,74.69915684340029,85523,77.6781529034566,84.27169212551443,73.9853452013012,74.69915684340029,74.69915684340029,85523,77.6781529034566,84.27169212551443,73.9853452013012,74.69915684340029,74.69915684340029,85523
2024-09-13,81.40239850050655,90.35357590757191,72.07314987480983,73.71613701503024,73.71613701503024,39729,81.40239850050655,90.35357590757191,72.07314987480983,73.71613701503024,73.71613701503024,39729,81.40239850050655,90.35357590757191,72.07314987480983,73.71613701503024,73.71613701503024,39729
2024-09-14,105.5708154187073,111.93751224037938,97.29575221997509,106.09416160021524,106.09416160021524,16734,105.5708154187073,111.93751224037938,97.29575221997509,106.09416160021524,106.09416160021524,16734,105.5708154187073,111.93751224037938,97.29575221997509,106.09416160021524,106.09416160021524,16734
2024-09-15,122.6784477786532,128.8177836262538,115.70635395955682,120.17680828819162,120.17680828819162,43429,122.6784477786532,128.8177836262538,115.70635395955682,120.17680828819162,120.17680828819162,43429,122.6784477786532,128.8177836262538,115.70635395955682,120.17680828819162,120.17680828819162,43429
2024-09-16,142.73821572954438,143.40473613515127,135.5949493721944,142.7586173766358,142.7586173766358,42337,142.73821572954438,143.40473613515127,135.5949493721944,142.7586173766358,142.7586173766358,42337,142.73821572954438,143.40473613515127,135.5949493721944,142.7586173766358,142.7586173766358,42337
2024-09-17,105.33704593546585,110.5211261549179,100.71988449733466,104.70497660968147,104.70497660968147,41325,105.33704593546585,110.5211261549179,100.71988449733466,104.70497660968147,104.70497660968147,41325,105.33704593546585,110.5211261549179,100.71988449733466,104.70497660968147,104.70497660968147,41325
2024-09-18,119.38020741997218,120.8818974281426,110.17026220900642,111.70504092829484,111.70504092829484,84600,119.38020741997218,120.8818974281426,110.17026220900642,111.70504092829484,111.70504092829484,84600,119.38020741997218,120.8818974281426,110.17026220900642,111.70504092829484,111.70504092829484,84600
2024-09-19,162.12064072006348,169.49497840727832,155.17468644753063,165.40966881241008,165.40966881241008,63514,162.12064072006348,169.49497840727832,155.17468644753063,165.40966881241008,165.40966881241008,63514,162.12064072006348,169.49497840727832,155.17468644753063,165.40966881241008,165.40966881241008,63514
2024-09-20,55.50248043358968,60.624699641716425,48.21266981703152,51.85378123313069,51.85378123313069,9433,55.50248043358968,60.624699641716425,48.21266981703152,51.85378123313069,51.85378123313069,9433,55.50248043358968,60.624699641716425,48.21266981703152,51.85378123313069,51.85378123313069,9433
2024-09-21,87.86554165160311,94.66781944368664,79.24863261372965,87.35095745644509,87.35095745644509,10111,87.86554165160311,94.66781944368664,79.24863261372965,87.35095745644509,87.35095745644509,10111,87.86554165160311,94.66781944368664,79.24863261372965,87.35095745644509,87.35095745644509,10111
2024-09-22,157.00243788268287,157.4191668887067,154.26172198926096,156.46509055852027,156.46509055852027,64753,157.00243788268287,157.4191668887067,154.26172198926096,156.46509055852027,156.46509055852027,64753,157.00243788268287,157.4191668887067,154.26172198926096,156.46509055852027,156.46509055852027,64753
2024-09-23,184.2810256530799,185.12894581353794,176.21031661441287,184.23943840350404,184.23943840350404,81583,184.2810256530799,185.12894581353794,176.21031661441287,184.23943840350404,184.23943840350404,81583,184.2810256530799,185.12894581353794,176.21031661441287,184.23943840350404,184.23943840350404,81583
2024-09-24,126.75161631734991,133.91485019797673,124.79921028778499,132.02053995962163,132.02053995962163,74620,126.75161631734991,133.91485019797673,124.79921028778499,132.02053995962163,132.02053995962163,74620,126.75161631734991,133.91485019797673,124.79921028778499,132.02053995962163,132.02053995962163,74620
2024-09-25,129.81702278979736,130.5378661497841,126.36360326734848,129.1869121680941,129.1869121680941,22751,129.81702278979736,130.5378661497841,126.36360326734848,129.1869121680941,129.1869121680941,22751,129.81702278979736,130.5378661497841,126.36360326734848,129.1869121680941,129.1869121680941,22751
2024-09-26,66.07580170096641,66.78836897861899,62.719697158267984,65.48490153565459,65.48490153565459,17453,66.07580170096641,66.78836897861899,62.719697158267984,65.48490153565459,65.48490153565459,17453,66.07580170096641,66.78836897861899,62.719697158267984,65.48490153565459,65.48490153565459,17453
2024-09-27,117.1118550235182,117.23293977586708,107.3266003396268,116.69725094451341,116.69725094451341,86844,117.1118550235182,117.23293977586708,107.3266003396268,116.69725094451341,116.69725094451341,86844,117.1118550235182,117.23293977586708,107.3266003396268,116.69725094451341,116.69725094451341,86844
2024-09-28,129.89258996825347,139.45760395124827,121.32721773077421,126.69062287170958,126.69062287170958,39968,129.89258996825347,139.45760395124827,121.32721773077421,126.69062287170958,126.69062287170958,39968,129.89258996825347,139.45760395124827,121.32721773077421,126.69062287170958,126.69062287170958,39968
2024-09-29,86.37057554520945,93.74565913979951,79.35887692930685,79.37487638630495,79.37487638630495,31077,86.37057554520945,93.74565913979951,79.35887692930685,79.37487638630495,79.37487638630495,31077,86.37057554520945,93.74565913979951,79.35887692930685,79.37487638630495,79.37487638630495,31077
2024-09-30,90.38648464240714,93.91899872742778,83.11591702625324,86.0538643504389,86.0538643504389,35775,90.38648464240714,93.91899872742778,83.11591702625324,86.0538643504389,86.0538643504389,35775,90.38648464240714,93.91899872742778,83.11591702625324,86.0538643504389,86.0538643504389,35775
2024-10-01,106.5926244656934,109.55798027856996,100.97189652166769,102.8427301570499,102.8427301570499,59144,106.5926244656934,109.55798027856996,100.97189652166769,102.8427301570499,102.8427301570499,59144,106.5926244656934,109.55798027856996,100.97189652166769,102.8427301570499,102.8427301570499,59144
2024-10-02,53.01067966665896,56.507711964117455,43.53977299557377,52.12240350260353,52.12240350260353,49570,53.01067966665896,56.507711964117455,43.53977299557377,52.12240350260353,52.12240350260353,49570,53.01067966665896,56.507711964117455,43.53977299557377,52.12240350260353,52.12240350260353,49570
2024-10-03,98.31187483747675,106.05841014928856,93.34928730865313,101.40320587560883,101.40320587560883,47097,98.31187483747675,106.05841014928856,93.34928730865313,101.40320587560883,101.40320587560883,47097,98.31187483747675,106.05841014928856,93.34928730865313,101.40320587560883,101.40320587560883,47097
2024-10-04,81.7172010494817,88.33090716018584,77.91202395078275,84.09522878647414,84.09522878647414,25503,81.7172010494817,88.33090716018584,77.91202395078275,84.09522878647414,84.09522878647414,25503,81.7172010494817,88.33090716018584,77.91202395078275,84.09522878647414,84.09522878647414,25503
2024-10-05,99.1246028266872,100.97655850536188,97.49424945737128,97.55081414663009,97.55081414663009,3779,99.1246028266872,100.97655850536188,97.49424945737128,97.55081414663009,97.55081414663009,3779,99.1246028266872,100.97655850536188,97.49424945737128,97.55081414663009,97.55081414663009,3779
2024-10-06,67.96431977288768,69.70541312622852,60.1022632502771,67.10082813347096,67.10082813347096,87840,67.96431977288768,69.70541312622852,60.1022632502771,67.10082813347096,67.10082813347096,87840,67.96431977288768,69.70541312622852,60.1022632502771,67.10082813347096,67.10082813347096,87840
2024-10-07,183.57909211098425,184.5630486081182,176.23465279022832,178.9291421245327,178.9291421245327,1755,183.57909211098425,184.5630486081182,176.23465279022832,178.9291421245327,178.9291421245327,1755,183.57909211098425,184.5630486081182,176.23465279022832,178.9291421245327,178.9291421245327,1755
2024-10-08,139.0388680331073,145.64189523012067,135.19531764786595,142.14287663356686,142.14287663356686,40263,139.0388680331073,145.64189523012067,135.19531764786595,142.14287663356686,142.14287663356686,40263,139.0388680331073,145.64189523012067,135.19531764786595,142.14287663356686,142.14287663356686,40263
2024-10-09,151.86534787167344,159.5090744938908,151.61341373208114,156.0079681908753,156.0079681908753,56087,151.86534787167344,159.5090744938908,151.61341373208114,156.0079681908753,156.0079681908753,56087,151.86534787167344,159.5090744938908,151.61341373208114,156.0079681908753,156.0079681908753,56087
2024-10-10,168.37568579110075,171.0261500743508,159.98571251392065,163.7696118961359,163.7696118961359,43281,168.37568579110075,171.0261500743508,159.98571251392065,163.7696118961359,163.7696118961359,43281,168.37568579110075,171.0261500743508,159.98571251392065,163.7696118961359,163.7696118961359,43281
2024-10-11,124.76632983935859,124.97577944966771,124.65215000481786,124.69570284743072,124.69570284743072,52482,124.76632983935859,124.97577944966771,124.65215000481786,124.69570284743072,124.69570284743072,52482,124.76632983935859,124.97577944966771,124.65215000481786,124.69570284743072,124.69570284743072,52482
2024-10-12,63.03804321311355,63.85975988787783,56.00104541682305,56.74305657420851,56.74305657420851,55857,63.03804321311355,63.85975988787783,56.00104541682305,56.74305657420851,56.74305657420851,55857,63.03804321311355,63.85975988787783,56.00104541682305,56.74305657420851,56.74305657420851,55857
2024-10-13,130.56598127278215,140.24458162123247,120.86341017552158,136.97920954982132,136.97920954982132,18400,130.56598127278215,140.24458162123247,120.86341017552158,136.97920954982132,136.97920954982132,18400,130.56598127278215,140.24458162123247,120.86341017552158,136.97920954982132,136.97920954982132,18400
2024-10-14,138.02616770313188,140.98061547790607,133.64955442164984,140.3823828765654,140.3823828765654,41115,138.02616770313188,140.98061547790607,133.64955442164984,140.3823828765654,140.3823828765654,41115,138.02616770313188,140.98061547790607,133.64955442164984,140.3823828765654,140.3823828765654,41115
2024-10-15,161.81592112764952,169.50815260603085,159.46618707769,165.99133624402504,165.99133624402504,15249,161.81592112764952,169.50815260603085,159.46618707769,165.99133624402504,165.99133624402504,15249,161.81592112764952,169.50815260603085,159.46618707769,165.99133624402504,165.99133624402504,15249
2024-10-16,114.7489319344519,120.99556762299454,107.70022183401808,109.07541415746492,109.07541415746492,47825,114.7489319344519,120.99556762299454,107.70022183401808,109.07541415746492,109.07541415746492,47825,114.7489319344519,120.99556762299454,107.70022183401808,109.07541415746492,109.07541415746492,47825
2024-10-17,69.13704541933456,72.95644181586351,60.965763999178705,65.78634283042406,65.78634283042406,25600,69.13704541933456,72.95644181586351,60.965763999178705,65.78634283042406,65.78634283042406,25600,69.13704541933456,72.95644181586351,60.965763999178705,65.78634283042406,65.78634283042406,25600
2024-10-18,92.56638586980867,94.62325849176422,87.1020827090302,92.58456256794662,92.58456256794662,38706,92.56638586980867,94.62325849176422,87.1020827090302,92.58456256794662,92.58456256794662,38706,92.56638586980867,94.62325849176422,87.1020827090302,92.58456256794662,92.58456256794662,38706
2024-10-19,104.46234445979526,105.67620864138932,94.7919917072338,103.27973137858432,103.27973137858432,20222,104.46234445979526,105.67620864138932,94.7919917072338,103.27973137858432,103.27973137858432,20222,104.46234445979526,105.67620864138932,94.7919917072338,103.27973137858432,103.27973137858432,20222
2024-10-20,146.88758619974018,153.03771588012884,146.37089898316057,147.1590408917871,147.1590408917871,42139,146.88758619974018,153.03771588012884,146.37089898316057,147.1590408917871,147.1590408917871,42139,146.88758619974018,153.03771588012884,146.37089898316057,147.1590408917871,147.1590408917871,42139
2024-10-21,135.61674570033676,143.36308350671464,130.56878971729148,130.56918274322416,130.56918274322416,42302,135.61674570033676,143.36308350671464,130.56878971729148,130.56918274322416,130.56918274322416,42302,135.61674570033676,143.36308350671464,130.56878971729148,130.56918274322416,130.56918274322416,42302
2024-10-22,103.41450888467693,109.85355142008824,96.22996941145144,105.93182685739421,105.93182685739421,95684,103.41450888467693,109.85355142008824,96.22996941145144,105.93182685739421,105.93182685739421,95684,103.41450888467693,109.85355142008824,96.22996941145144,105.93182685739421,105.93182685739421,95684
2024-10-23,197.97728731894696,203.28030865143856,189.35088260745516,194.3180626684223,194.3180626684223,88838,197.97728731894696,203.28030865143856,189.35088260745516,194.3180626684223,194.3180626684223,88838,197.97728731894696,203.28030865143856,189.35088260745516,194.3180626684223,194.3180626684223,88838
2024-10-24,140.86622290353307,141.28573513784943,139.07366678445518,139.63659688465756,139.63659688465756,69159,140.86622290353307,141.28573513784943,139.07366678445518,139.63659688465756,139.63659688465756,69159,140.86622290353307,141.28573513784943,139.07366678445518,139.63659688465756,139.63659688465756,69159
2024-10-25,85.58401876039918,95.26890653634301,77.58398394276236,77.81207469764315,77.81207469764315,9646,85.58401876039918,95.26890653634301,77.58398394276236,77.81207469764315,77.81207469764315,9646,85.58401876039918,95.26890653634301,77.58398394276236,77.81207469764315,77.81207469764315,9646
2024-10-26,65.26737089306056,73.2545128096063,59.7403001358751,67.04202122634081,67.04202122634081,14543,65.26737089306056,73.2545128096063,59.7403001358751,67.04202122634081,67.04202122634081,14543,65.26737089306056,73.2545128096063,59.7403001358751,67.04202122634081,67.04202122634081,14543
2024-10-27,72.9288708776498,75.85709124465944,68.96333405775017,74.83096055723614,74.83096055723614,95496,72.9288708776498,75.85709124465944,68.96333405775017,74.83096055723614,74.83096055723614,95496,72.9288708776498,75.85709124465944,68.96333405775017,74.83096055723614,74.83096055723614,95496
2024-10-28,86.89365925767622,96.69336255126473,85.57650897188529,96.22235976647774,96.22235976647774,23785,86.89365925767622,96.69336255126473,85.57650897188529,96.22235976647774,96.22235976647774,23785,86.89365925767622,96.69336255126473,85.57650897188529,96.22235976647774,96.22235976647774,23785
2024-10-29,74.10220598893335,80.12102188529657,65.44924839984422,73.74973016578083,73.74973016578083,79353,74.10220598893335,80.12102188529657,65.44924839984422,73.74973016578083,73.74973016578083,79353,74.10220598893335,80.12102188529657,65.44924839984422,73.74973016578083,73.74973016578083,79353
2024-10-30,77.98505360769586,83.80928018976833,76.4123215258987,80.21777070135019,80.21777070135019,32406,77.98505360769586,83.80928018976833,76.4123215258987,80.21777070135019,80.21777070135019,32406,77.98505360769586,83.80928018976833,76.4123215258987,80.21777070135019,80.21777070135019,32406
2024-10-31,92.76427530407707,100.2450070983724,89.66639671198608,90.56617507495105,90.56617507495105,89992,92.76427530407707,100.2450070983724,89.66639671198608,90.56617507495105,90.56617507495105,89992,92.76427530407707,100.2450070983724,89.66639671198608,90.56617507495105,90.56617507495105,89992
2024-11-01,76.00603929421322,84.1237371751146,73.10558397458885,79.15314858958698,79.15314858958698,52428,76.00603929421322,84.1237371751146,73.10558397458885,79.15314858958698,79.15314858958698,52428,76.00603929421322,84.1237371751146,73.10558397458885,79.15314858958698,79.15314858958698,52428
2024-11-02,184.5148136939638,191.0795997672788,175.80067335205524,181.60634573889192,181.60634573889192,24777,184.5148136939638,191.0795997672788,175.80067335205524,181.60634573889192,181.60634573889192,24777,184.5148136939638,191.0795997672788,175.80067335205524,181.60634573889192,181.60634573889192,24777
2024-11-03,62.03506184924633,63.31601931290833,55.30803190715735,60.16996359006012,60.16996359006012,58939,62.03506184924633,63.31601931290833,55.30803190715735,60.16996359006012,60.16996359006012,58939,62.03506184924633,63.31601931290833,55.30803190715735,60.16996359006012,60.16996359006012,58939
2024-11-04,128.67670843553822,132.0593834954832,120.7098944636245,125.12173988524384,125.12173988524384,54026,128.67670843553822,132.0593834954832,120.7098944636245,125.12173988524384,125.12173988524384,54026,128.67670843553822,132.0593834954832,120.7098944636245,125.12173988524384,125.12173988524384,54026
2024-11-05,111.55952404844922,120.84036045170971,109.05484506052423,111.88689407843691,111.88689407843691,87450,111.55952404844922,120.84036045170971,109.05484506052423,111.88689407843691,111.88689407843691,87450,111.55952404844922,120.84036045170971,109.05484506052423,111.88689407843691,111.88689407843691,87450
2024-11-06,197.35679253629095,199.60294865472946,191.10805154022097,191.914771782737,191.914771782737,30553,197.35679253629095,199.60294865472946,191.10805154022097,191.914771782737,191.914771782737,30553,197.35679253629095,199.60294865472946,191.10805154022097,191.914771782737,191.914771782737,30553
2024-11-07,66.80583532520785,70.52750556358299,61.088375493770364,64.06093165362803,64.06093165362803,24548,66.80583532520785,70.52750556358299,61.088375493770364,64.06093165362803,64.06093165362803,24548,66.80583532520785,70.52750556358299,61.088375493770364,64.06093165362803,64.06093165362803,24548
2024-11-08,109.67833985686124,113.9991086863032,101.35003608897853,102.57250361404071,102.57250361404071,64221,109.67833985686124,113.9991086863032,101.35003608897853,102.57250361404071,102.57250361404071,64221,109.67833985686124,113.9991086863032,101.35003608897853,102.57250361404071,102.57250361404071,64221
2024-11-09,195.42056499130533,199.81461488824985,186.35969438649272,188.73982879683265,188.73982879683265,38265,195.42056499130533,199.81461488824985,186.35969438649272,188.73982879683265,188.73982879683265,38265,195.42056499130533,199.81461488824985,186.35969438649272,188.73982879683265,188.73982879683265,38265
2024-11-10,179.82606888409703,185.95546470904227,179.70450116932315,185.87630349805022,185.87630349805022,41701,179.82606888409703,185.95546470904227,179.70450116932315,185.87630349805022,185.87630349805022,41701,179.82606888409703,185.95546470904227,179.70450116932315,185.87630349805022,185.87630349805022,41701
2024-11-11,172.56081064239197,181.99156901983903,165.82061145180404,173.0021912263544,173.0021912263544,52287,172.56081064239197,181.99156901983903,165.82061145180404,173.0021912263544,173.0021912263544,52287,172.56081064239197,181.99156901983903,165.82061145180404,173.0021912263544,173.0021912263544,52287
2024-11-12,88.68542405674097,91.09235117506601,88.16706606554368,89.72294262427614,89.72294262427614,7727,88.68542405674097,91.09235117506601,88.16706606554368,89.72294262427614,89.72294262427614,7727,88.68542405674097,91.09235117506601,88.16706606554368,89.72294262427614,89.72294262427614,7727
2024-11-13,75.63313810850987,76.84815187151905,70.14455145773631,76.00094098846738,76.00094098846738,51717,75.63313810850987,76.84815187151905,70.14455145773631,76.00094098846738,76.00094098846738,51717,75.63313810850987,76.84815187151905,70.14455145773631,76.00094098846738,76.00094098846738,51717
2024-11-14,150.29648298866465,152.27118788726403,147.42015569822786,152.24969248091153,152.24969248091153,33427,150.29648298866465,152.27118788726403,147.42015569822786,152.24969248091153,152.24969248091153,33427,150.29648298866465,152.27118788726403,147.42015569822786,152.24969248091153,152.24969248091153,33427
2024-11-15,189.40639836913786,198.27564737123055,186.33863237391645,193.29450349489554,193.29450349489554,17692,189.40639836913786,198.27564737123055,186.33863237391645,193.29450349489554,193.29450349489554,17692,189.40639836913786,198.27564737123055,186.33863237391645,193.29450349489554,193.29450349489554,17692
2024-11-16,133.51443395208946,139.9725420786415,129.9848489175659,138.09958814356173,138.09958814356173,32625,133.51443395208946,139.9725420786415,129.9848489175659,138.09958814356173,138.09958814356173,32625,133.51443395208946,139.9725420786415,129.9848489175659,138.09958814356173,138.09958814356173,32625
2024-11-17,135.74190342048496,138.60097131287657,129.52897892998885,132.49498541242468,132.49498541242468,25918,135.74190342048496,138.60097131287657,129.52897892998885,132.49498541242468,132.49498541242468,25918,135.74190342048496,138.60097131287657,129.52897892998885,132.49498541242468,132.49498541242468,25918
2024-11-18,91.99686404904263,100.15633343872881,88.65636439235493,92.17241043911463,92.17241043911463,42136,91.99686404904263,100.15633343872881,88.65636439235493,92.17241043911463,92.17241043911463,42136,91.99686404904263,100.15633343872881,88.65636439235493,92.17241043911463,92.17241043911463,42136
2024-11-19,165.42393997879054,174.0376399424249,158.09694947288773,164.51632484019288,164.51632484019288,53409,165.42393997879054,174.0376399424249,158.09694947288773,164.51632484019288,164.51632484019288,53409,165.42393997879054,174.0376399424249,158.09694947288773,164.51632484019288,164.51632484019288,53409
2024-11-20,78.05656228362851,86.52170567053129,74.01128842788981,82.42463488264386,82.42463488264386,16577,78.05656228362851,86.52170567053129,74.01128842788981,82.42463488264386,82.42463488264386,16577,78.05656228362851,86.52170567053129,74.01128842788981,82.42463488264386,82.42463488264386,16577
2024-11-21,98.55188546063656,107.7411507970321,97.86835345753697,104.6034937522404,104.6034937522404,86155,98.55188546063656,107.7411507970321,97.86835345753697,104.6034937522404,104.6034937522404,86155,98.55188546063656,107.7411507970321,97.86835345753697,104.6034937522404,104.6034937522404,86155
2024-11-22,113.81546579246252,116.33787599419614,105.97786736762144,109.24375063002628,109.24375063002628,82731,113.81546579246252,116.33787599419614,105.97786736762144,109.24375063002628,109.24375063002628,82731,113.81546579246252,116.33787599419614,105.97786736762144,109.24375063002628,109.24375063002628,82731
2024-11-23,126.14155680266825,133.69197609013102,123.28397355674119,124.67042278462789,124.67042278462789,28689,126.14155680266825,133.69197609013102,123.28397355674119,124.67042278462789,124.67042278462789,28689,126.14155680266825,133.69197609013102,123.28397355674119,124.67042278462789,124.67042278462789,28689
2024-11-24,86.36145986226204,90.96685483500343,82.03379106626942,87.68302715238447,87.68302715238447,12154,86.36145986226204,90.96685483500343,82.03379106626942,87.68302715238447,87.68302715238447,12154,86.36145986226204,90.96685483500343,82.03379106626942,87.68302715238447,87.68302715238447,12154
2024-11-25,67.22552371088054,75.64550923978115,60.37108487866152,62.33118855423926,62.33118855423926,95948,67.22552371088054,75.64550923978115,60.37108487866152,62.33118855423926,62.33118855423926,95948,67.22552371088054,75.64550923978115,60.37108487866152,62.33118855423926,62.33118855423926,95948
2024-11-26,141.59300636624488,148.87791313786101,138.26844479475776,144.40594274753923,144.40594274753923,22341,141.59300636624488,148.87791313786101,138.26844479475776,144.40594274753923,144.40594274753923,22341,141.59300636624488,148.87791313786101,138.26844479475776,144.40594274753923,144.40594274753923,22341
2024-11-27,93.29458298603836,101.05905745103561,92.7287264245712,98.50516229235565,98.50516229235565,98554,93.29458298603836,101.05905745103561,92.7287264245712,98.50516229235565,98.50516229235565,98554,93.29458298603836,101.05905745103561,92.7287264245712,98.50516229235565,98.50516229235565,98554
2024-11-28,137.18573321339184,143.74735159020256,133.4465227432637,140.66340185582067,140.66340185582067,75681,137.18573321339184,143.74735159020256,133.4465227432637,140.66340185582067,140.66340185582067,75681,137.18573321339184,143.74735159020256,133.4465227432637,140.66340185582067,140.66340185582067,75681
2024-11-29,73.15440729113035,74.92869498582742,63.70992146418732,72.16295442854948,72.16295442854948,47330,73.15440729113035,74.92869498582742,63.70992146418732,72.16295442854948,72.16295442854948,47330,73.15440729113035,74.92869498582742,63.70992146418732,72.16295442854948,72.16295442854948,47330
2024-11-30,122.17101527822263,127.62128446719201,115.75367130523705,126.11242926514612,126.11242926514612,88759,122.17101527822263,127.62128446719201,115.75367130523705,126.11242926514612,126.11242926514612,88759,122.17101527822263,127.62128446719201,115.75367130523705,126.11242926514612,126.11242926514612,88759
2024-12-01,129.8884148827379,139.73511227798298,123.17362339606582,131.45368868290518,131.45368868290518,69416,129.8884148827379,139.73511227798298,123.17362339606582,131.45368868290518,131.45368868290518,69416,129.8884148827379,139.73511227798298,123.17362339606582,131.45368868290518,131.45368868290518,69416
2024-12-02,57.77353052336404,67.14741118833523,51.450708986987635,62.91321304780875,62.91321304780875,87807,57.77353052336404,67.14741118833523,51.450708986987635,62.91321304780875,62.91321304780875,87807,57.77353052336404,67.14741118833523,51.450708986987635,62.91321304780875,62.91321304780875,87807
2024-12-03,100.49064172908808,100.9223790870582,98.50072033949371,100.00014541034582,100.00014541034582,34313,100.49064172908808,100.9223790870582,98.50072033949371,100.00014541034582,100.00014541034582,34313,100.49064172908808,100.9223790870582,98.50072033949371,100.00014541034582,100.00014541034582,34313
2024-12-04,70.16220154084614,71.81034969814051,65.97886289982334,67.06725124479223,67.06725124479223,47900,70.16220154084614,71.81034969814051,65.97886289982334,67.06725124479223,67.06725124479223,47900,70.16220154084614,71.81034969814051,65.97886289982334,67.06725124479223,67.06725124479223,47900
2024-12-05,59.50624557091516,60.82353330546078,51.99684758728198,52.22360200875587,52.22360200875587,79840,59.50624557091516,60.82353330546078,51.99684758728198,52.22360200875587,52.22360200875587,79840,59.50624557091516,60.82353330546078,51.99684758728198,52.22360200875587,52.22360200875587,79840
2024-12-06,198.49403485849177,205.75383395834473,197.48030588296018,199.83446702596711,199.83446702596711,35695,198.49403485849177,205.75383395834473,197.48030588296018,199.83446702596711,199.83446702596711,35695,198.49403485849177,205.75383395834473,197.48030588296018,199.83446702596711,199.83446702596711,35695
2024-12-07,98.35307674620844,106.53093004477789,95.57454898531132,100.4285950941341,100.4285950941341,31225,98.35307674620844,106.53093004477789,95.57454898531132,100.4285950941341,100.4285950941341,31225,98.35307674620844,106.53093004477789,95.57454898531132,100.4285950941341,100.4285950941341,31225
2024-12-08,171.4811668781952,173.61628054130193,168.71797579353668,171.74074877100574,171.74074877100574,87072,171.4811668781952,173.61628054130193,168.71797579353668,171.74074877100574,171.74074877100574,87072,171.4811668781952,173.61628054130193,168.71797579353668,171.74074877100574,171.74074877100574,87072
2024-12-09,88.19609821456459,93.25462514408288,83.87590893861953,91.84743628559472,91.84743628559472,97367,88.19609821456459,93.25462514408288,83.87590893861953,91.84743628559472,91.84743628559472,97367,88.19609821456459,93.25462514408288,83.87590893861953,91.84743628559472,91.84743628559472,97367
2024-12-10,152.22540833358937,160.63243861370137,142.42172092416752,145.99549626888373,145.99549626888373,50156,152.22540833358937,160.63243861370137,142.42172092416752,145.99549626888373,145.99549626888373,50156,152.22540833358937,160.63243861370137,142.42172092416752,145.99549626888373,145.99549626888373,50156
2024-12-11,164.034178983453,171.36219443111548,163.35915351661478,164.36393362197927,164.36393362197927,78209,164.034178983453,171.36219443111548,163.35915351661478,164.36393362197927,164.36393362197927,78209,164.034178983453,171.36219443111548,163.35915351661478,164.36393362197927,164.36393362197927,78209
2024-12-12,139.34581109117664,144.7681831460951,134.1588011473707,144.38072795823678,144.38072795823678,88453,139.34581109117664,144.7681831460951,134.1588011473707,144.38072795823678,144.38072795823678,88453,139.34581109117664,144.7681831460951,134.1588011473707,144.38072795823678,144.38072795823678,88453
2024-12-13,120.73642828252376,126.6399051871115,118.94278146240165,119.77441380370362,119.77441380370362,28829,120.73642828252376,126.6399051871115,118.94278146240165,119.77441380370362,119.77441380370362,28829,120.73642828252376,126.6399051871115,118.94278146240165,119.77441380370362,119.77441380370362,28829
2024-12-14,111.77613712209029,116.8597425912531,102.06937166799285,109.1464320783459,109.1464320783459,81908,111.77613712209029,116.8597425912531,102.06937166799285,109.1464320783459,109.1464320783459,81908,111.77613712209029,116.8597425912531,102.06937166799285,109.1464320783459,109.1464320783459,81908
2024-12-15,102.3302399814493,105.3057244946375,101.19720493417465,103.6030049678195,103.6030049678195,26938,102.3302399814493,105.3057244946375,101.19720493417465,103.6030049678195,103.6030049678195,26938,102.3302399814493,105.3057244946375,101.19720493417465,103.6030049678195,103.6030049678195,26938
2024-12-16,189.4293716371739,195.07959156576405,185.39336161355797,190.6372387447098,190.6372387447098,60164,189.4293716371739,195.07959156576405,185.39336161355797,190.6372387447098,190.6372387447098,60164,189.4293716371739,195.07959156576405,185.39336161355797,190.6372387447098,190.6372387447098,60164
2024-12-17,174.5929111681594,181.4817641886603,167.21406131981334,168.44154257352537,168.44154257352537,55530,174.5929111681594,181.4817641886603,167.21406131981334,168.44154257352537,168.44154257352537,55530,174.5929111681594,181.4817641886603,167.21406131981334,168.44154257352537,168.44154257352537,55530
2024-12-18,194.7540365999769,203.48726575858498,187.70849231970246,188.6083070756842,188.6083070756842,69199,194.7540365999769,203.48726575858498,187.70849231970246,188.6083070756842,188.6083070756842,69199,194.7540365999769,203.48726575858498,187.70849231970246,188.6083070756842,188.6083070756842,69199
2024-12-19,68.64458352283171,75.0074970626242,64.41729715389239,65.53438773776297,65.53438773776297,61282,68.64458352283171,75.0074970626242,64.41729715389239,65.53438773776297,65.53438773776297,61282,68.64458352283171,75.0074970626242,64.41729715389239,65.53438773776297,65.53438773776297,61282
2024-12-20,159.63012128054663,167.2413366509782,156.16487960101944,162.65111643041928,162.65111643041928,48801,159.63012128054663,167.2413366509782,156.16487960101944,162.65111643041928,162.65111643041928,48801,159.63012128054663,167.2413366509782,156.16487960101944,162.65111643041928,162.65111643041928,48801
2024-12-21,190.75106852315568,192.35178487270142,186.77494473762698,189.81066915430864,189.81066915430864,10465,190.75106852315568,192.35178487270142,186.77494473762698,189.81066915430864,189.81066915430864,10465,190.75106852315568,192.35178487270142,186.77494473762698,189.81066915430864,189.81066915430864,10465
2024-12-22,77.18495992484903,81.80053466904693,74.54219729326263,76.23876682034836,76.23876682034836,4326,77.18495992484903,81.80053466904693,74.54219729326263,76.23876682034836,76.23876682034836,4326,77.18495992484903,81.80053466904693,74.54219729326263,76.23876682034836,76.23876682034836,4326
2024-12-23,59.974440105016626,60.06775630328756,57.92111071794863,59.290185763984795,59.290185763984795,4659,59.974440105016626,60.06775630328756,57.92111071794863,59.290185763984795,59.290185763984795,4659,59.974440105016626,60.06775630328756,57.92111071794863,59.290185763984795,59.290185763984795,4659
2024-12-24,161.16809739350884,163.63488603872509,156.33770041791993,162.32188520201,162.32188520201,61289,161.16809739350884,163.63488603872509,156.33770041791993,162.32188520201,162.32188520201,61289,161.16809739350884,163.63488603872509,156.33770041791993,162.32188520201,162.32188520201,61289
2024-12-25,136.1709669769868,143.43558412811683,133.48562941631073,133.89933818374834,133.89933818374834,28594,136.1709669769868,143.43558412811683,133.48562941631073,133.89933818374834,133.89933818374834,28594,136.1709669769868,143.43558412811683,133.48562941631073,133.89933818374834,133.89933818374834,28594
2024-12-26,176.2743165137408,186.19241602723446,173.3996998647683,179.7721348446037,179.7721348446037,5763,176.2743165137408,186.19241602723446,173.3996998647683,179.7721348446037,179.7721348446037,5763,176.2743165137408,186.19241602723446,173.3996998647683,179.7721348446037,179.7721348446037,5763
2024-12-27,70.96585649394342,71.95763748981558,64.39829585919784,69.60902875382398,69.60902875382398,89657,70.96585649394342,71.95763748981558,64.39829585919784,69.60902875382398,69.60902875382398,89657,70.96585649394342,71.95763748981558,64.39829585919784,69.60902875382398,69.60902875382398,89657
2024-12-28,169.29009677898352,173.3050399375964,159.6047234619846,163.0614767134108,163.0614767134108,11828,169.29009677898352,173.3050399375964,159.6047234619846,163.0614767134108,163.0614767134108,11828,169.29009677898352,173.3050399375964,159.6047234619846,163.0614767134108,163.0614767134108,11828
2024-12-29,80.24409800716168,88.24480769415328,74.20772600156793,78.52793134176882,78.52793134176882,48588,80.24409800716168,88.24480769415328,74.20772600156793,78.52793134176882,78.52793134176882,48588,80.24409800716168,88.24480769415328,74.20772600156793,78.52793134176882,78.52793134176882,48588
2024-12-30,74.54839142985568,76.58874777614467,73.77859675920602,75.50301193632374,75.50301193632374,12221,74.54839142985568,76.58874777614467,73.77859675920602,75.50301193632374,75.50301193632374,12221,74.54839142985568,76.58874777614467,73.77859675920602,75.50301193632374,75.50301193632374,12221
2024-12-31,74.63986968964895,80.19071918267181,73.88403355110827,79.54702916434368,79.54702916434368,12211,74.63986968964895,80.19071918267181,73.88403355110827,79.54702916434368,79.54702916434368,12211,74.63986968964895,80.19071918267181,73.88403355110827,79.54702916434368,79.54702916434368,12211
2025-01-01,172.1862080347073,179.51692099500406,162.67197582625164,176.31510827708757,176.31510827708757,14569,172.1862080347073,179.51692099500406,162.67197582625164,176.31510827708757,176.31510827708757,14569,172.1862080347073,179.51692099500406,162.67197582625164,176.31510827708757,176.31510827708757,14569
2025-01-02,149.77958310443,155.9394376070318,146.80667520135665,152.13226494396244,152.13226494396244,97894,149.77958310443,155.9394376070318,146.80667520135665,152.13226494396244,152.13226494396244,97894,149.77958310443,155.9394376070318,146.80667520135665,152.13226494396244,152.13226494396244,97894
2025-01-03,128.4598137153679,130.34006106152205,127.53914385454313,129.5844344287191,129.5844344287191,38860,128.4598137153679,130.34006106152205,127.53914385454313,129.5844344287191,129.5844344287191,38860,128.4598137153679,130.34006106152205,127.53914385454313,129.5844344287191,129.5844344287191,38860
2025-01-04,103.82457261852537,107.37841830538277,97.83412674702154,101.31609876972632,101.31609876972632,72558,103.82457261852537,107.37841830538277,97.83412674702154,101.31609876972632,101.31609876972632,72558,103.82457261852537,107.37841830538277,97.83412674702154,101.31609876972632,101.31609876972632,72558
2025-01-05,181.58008112196623,189.4179989668202,175.34359333906357,184.3648021749347,184.3648021749347,46337,181.58008112196623,189.4179989668202,175.34359333906357,184.3648021749347,184.3648021749347,46337,181.58008112196623,189.4179989668202,175.34359333906357,184.3648021749347,184.3648021749347,46337
2025-01-06,108.8667661133953,114.40903125471547,102.38171791220842,107.98862998320806,107.98862998320806,53311,108.8667661133953,114.40903125471547,102.38171791220842,107.98862998320806,107.98862998320806,53311,108.8667661133953,114.40903125471547,102.38171791220842,107.98862998320806,107.98862998320806,53311
2025-01-07,172.48991592073656,172.54221205616568,169.81589564216114,170.333721648598,170.333721648598,14515,172.48991592073656,172.54221205616568,169.81589564216114,170.333721648598,170.333721648598,14515,172.48991592073656,172.54221205616568,169.81589564216114,170.333721648598,170.333721648598,14515
2025-01-08,115.87023628553277,123.4801438858137,115.71912944338801,121.16533032175228,121.16533032175228,72695,115.87023628553277,123.4801438858137,115.71912944338801,121.16533032175228,121.16533032175228,72695,115.87023628553277,123.4801438858137,115.71912944338801,121.16533032175228,121.16533032175228,72695
2025-01-09,106.54166441373613,106.89477796313852,96.89151071919142,102.45797519839779,102.45797519839779,88227,106.54166441373613,106.89477796313852,96.89151071919142,102.45797519839779,102.45797519839779,88227,106.54166441373613,106.89477796313852,96.89151071919142,102.45797519839779,102.45797519839779,88227
2025-01-10,119.40196785044097,126.85930567775328,116.89303739352994,120.46715629179202,120.46715629179202,25904,119.40196785044097,126.85930567775328,116.89303739352994,120.46715629179202,120.46715629179202,25904,119.40196785044097,126.85930567775328,116.89303739352994,120.46715629179202,120.46715629179202,25904
2025-01-11,95.20668112462131,97.23148672627369,88.44641824409584,96.4525954394291,96.4525954394291,60935,95.20668112462131,97.23148672627369,88.44641824409584,96.4525954394291,96.4525954394291,60935,95.20668112462131,97.23148672627369,88.44641824409584,96.4525954394291,96.4525954394291,60935
2025-01-12,162.14140702643766,171.72214182763148,155.07510832765055,155.42359928840472,155.42359928840472,44790,162.14140702643766,171.72214182763148,155.07510832765055,155.42359928840472,155.42359928840472,44790,162.14140702643766,171.72214182763148,155.07510832765055,155.42359928840472,155.42359928840472,44790
2025-01-13,125.40805851387188,129.0874660268927,119.30798434307702,122.39608209196223,122.39608209196223,69580,125.40805851387188,129.0874660268927,119.30798434307702,122.39608209196223,122.39608209196223,69580,125.40805851387188,129.0874660268927,119.30798434307702,122.39608209196223,122.39608209196223,69580
2025-01-14,84.8319042720226,88.10122043540339,81.70283032988611,82.0667797026146,82.0667797026146,76148,84.8319042720226,88.10122043540339,81.70283032988611,82.0667797026146,82.0667797026146,76148,84.8319042720226,88.10122043540339,81.70283032988611,82.0667797026146,82.0667797026146,76148
2025-01-15,184.93618599118528,186.42506649450974,182.22522345354463,185.44451786828768,185.44451786828768,6636,184.93618599118528,186.42506649450974,182.22522345354463,185.44451786828768,185.44451786828768,6636,184.93618599118528,186.42506649450974,182.22522345354463,185.44451786828768,185.44451786828768,6636
2025-01-16,107.58368320598171,110.63972536088386,101.60700037895468,107.94894391972703,107.94894391972703,78129,107.58368320598171,110.63972536088386,101.60700037895468,107.94894391972703,107.94894391972703,78129,107.58368320598171,110.63972536088386,101.60700037895468,107.94894391972703,107.94894391972703,78129
2025-01-17,131.5329291670983,140.2994367853803,122.87197283098139,128.64660167921866,128.64660167921866,3892,131.5329291670983,140.2994367853803,122.87197283098139,128.64660167921866,128.64660167921866,3892,131.5329291670983,140.2994367853803,122.87197283098139,128.64660167921866,128.64660167921866,3892
2025-01-18,185.97081664468203,195.9341600209545,176.50347935544806,189.632069445763,189.632069445763,22672,185.97081664468203,195.9341600209545,176.50347935544806,189.632069445763,189.632069445763,22672,185.97081664468203,195.9341600209545,176.50347935544806,189.632069445763,189.632069445763,22672
2025-01-19,143.6356993870988,147.3187946921673,142.57664134306123,144.4542363863021,144.4542363863021,6812,143.6356993870988,147.3187946921673,142.57664134306123,144.4542363863021,144.4542363863021,6812,143.6356993870988,147.3187946921673,142.57664134306123,144.4542363863021,144.4542363863021,6812
2025-01-20,67.53470610625462,72.02081241580004,65.98641998027742,70.54995213857225,70.54995213857225,97621,67.53470610625462,72.02081241580004,65.98641998027742,70.54995213857225,70.54995213857225,97621,67.53470610625462,72.02081241580004,65.98641998027742,70.54995213857225,70.54995213857225,97621
2025-01-21,190.97481854202127,198.19552792404863,181.5274559541905,189.0978219322197,189.0978219322197,1654,190.97481854202127,198.19552792404863,181.5274559541905,189.0978219322197,189.0978219322197,1654,190.97481854202127,198.19552792404863,181.5274559541905,189.0978219322197,189.0978219322197,1654
2025-01-22,144.15620796071266,153.01816576536342,136.79085567736473,143.48104666388488,143.48104666388488,55633,144.15620796071266,153.01816576536342,136.79085567736473,143.48104666388488,143.48104666388488,55633,144.15620796071266,153.01816576536342,136.79085567736473,143.48104666388488,143.48104666388488,55633
2025-01-23,100.23584219856292,106.16628554043076,91.40590395026518,105.20287418661573,105.20287418661573,18143,100.23584219856292,106.16628554043076,91.40590395026518,105.20287418661573,105.20287418661573,18143,100.23584219856292,106.16628554043076,91.40590395026518,105.20287418661573,105.20287418661573,18143
2025-01-24,70.8908108995081,74.8060678812864,68.86448455815466,70.35510363418754,70.35510363418754,56934,70.8908108995081,74.8060678812864,68.86448455815466,70.35510363418754,70.35510363418754,56934,70.8908108995081,74.8060678812864,68.86448455815466,70.35510363418754,70.35510363418754,56934
2025-01-25,169.1037783905444,173.22999679903063,163.22791967945037,164.4326432629443,164.4326432629443,68334,169.1037783905444,173.22999679903063,163.22791967945037,164.4326432629443,164.4326432629443,68334,169.1037783905444,173.22999679903063,163.22791967945037,164.4326432629443,164.4326432629443,68334
2025-01-26,143.01091338927702,149.9670948542451,135.9995174451023,144.1641686285351,144.1641686285351,30087,143.01091338927702,149.9670948542451,135.9995174451023,144.1641686285351,144.1641686285351,30087,143.01091338927702,149.9670948542451,135.9995174451023,144.1641686285351,144.1641686285351,30087
2025-01-27,130.01916379644823,130.05134643249102,123.2180449419785,129.84171312664628,129.84171312664628,12618,130.01916379644823,130.05134643249102,123.2180449419785,129.84171312664628,129.84171312664628,12618,130.01916379644823,130.05134643249102,123.2180449419785,129.84171312664628,129.84171312664628,12618
2025-01-28,184.08388745764364,190.27978083224204,180.00237054897667,183.88557916955736,183.88557916955736,9446,184.08388745764364,190.27978083224204,180.00237054897667,183.88557916955736,183.88557916955736,9446,184.08388745764364,190.27978083224204,180.00237054897667,183.88557916955736,183.88557916955736,9446
2025-01-29,168.28958168367961,171.8445117880932,168.13563276676652,168.3657196179403,168.3657196179403,88182,168.28958168367961,171.8445117880932,168.13563276676652,168.3657196179403,168.3657196179403,88182,168.28958168367961,171.8445117880932,168.13563276676652,168.3657196179403,168.3657196179403,88182
2025-01-30,72.75123195991267,80.69320527268351,66.92197139187004,71.59462358498203,71.59462358498203,49867,72.75123195991267,80.69320527268351,66.92197139187004,71.59462358498203,71.59462358498203,49867,72.75123195991267,80.69320527268351,66.92197139187004,71.59462358498203,71.59462358498203,49867
2025-01-31,96.75831016933223,97.68821656756356,94.22729477753614,95.97828466423532,95.97828466423532,52028,96.75831016933223,97.68821656756356,94.22729477753614,95.97828466423532,95.97828466423532,52028,96.75831016933223,97.68821656756356,94.22729477753614,95.97828466423532,95.97828466423532,52028
2025-02-01,87.27337097216986,93.15539364165376,82.77082851074096,84.4523285193064,84.4523285193064,61101,87.27337097216986,93.15539364165376,82.77082851074096,84.4523285193064,84.4523285193064,61101,87.27337097216986,93.15539364165376,82.77082851074096,84.4523285193064,84.4523285193064,61101
2025-02-02,161.59194388590154,166.40167278476278,152.01613373506336,161.48328889160882,161.48328889160882,28200,161.59194388590154,166.40167278476278,152.01613373506336,161.48328889160882,161.48328889160882,28200,161.59194388590154,166.40167278476278,152.01613373506336,161.48328889160882,161.48328889160882,28200
2025-02-03,55.02986521036691,61.45312046941918,51.03951203394256,61.42968348783083,61.42968348783083,96107,55.02986521036691,61.45312046941918,51.03951203394256,61.42968348783083,61.42968348783083,96107,55.02986521036691,61.45312046941918,51.03951203394256,61.42968348783083,61.42968348783083,96107
2025-02-04,135.48345273069748,136.13198867552717,127.08543666405322,131.17212132915535,131.17212132915535,89074,135.48345273069748,136.13198867552717,127.08543666405322,131.17212132915535,131.17212132915535,89074,135.48345273069748,136.13198867552717,127.08543666405322,131.17212132915535,131.17212132915535,89074
2025-02-05,164.36880286110357,170.16864073538488,162.48339680361107,165.2095722916488,165.2095722916488,62465,164.36880286110357,170.16864073538488,162.48339680361107,165.2095722916488,165.2095722916488,62465,164.36880286110357,170.16864073538488,162.48339680361107,165.2095722916488,165.2095722916488,62465
2025-02-06,181.51484551426242,187.12969139385766,174.79024053401213,179.73470991000138,179.73470991000138,87436,181.51484551426242,187.12969139385766,174.79024053401213,179.73470991000138,179.73470991000138,87436,181.51484551426242,187.12969139385766,174.79024053401213,179.73470991000138,179.73470991000138,87436
2025-02-07,101.31226230738612,106.91886325154783,91.54219276299669,93.31275760619563,93.31275760619563,88892,101.31226230738612,106.91886325154783,91.54219276299669,93.31275760619563,93.31275760619563,88892,101.31226230738612,106.91886325154783,91.54219276299669,93.31275760619563,93.31275760619563,88892
2025-02-08,173.18859570080193,179.2234723667665,172.16966469207256,178.4001068006674,178.4001068006674,89559,173.18859570080193,179.2234723667665,172.16966469207256,178.4001068006674,178.4001068006674,89559,173.18859570080193,179.2234723667665,172.16966469207256,178.4001068006674,178.4001068006674,89559
2025-02-09,66.59476054328108,73.3594399155447,66.51156112100917,69.35223693088314,69.35223693088314,40148,66.59476054328108,73.3594399155447,66.51156112100917,69.35223693088314,69.35223693088314,40148,66.59476054328108,73.3594399155447,66.51156112100917,69.35223693088314,69.35223693088314,40148
2025-02-10,176.96784376017774,185.01773375698545,172.6320158338516,177.42868745260736,177.42868745260736,83928,176.96784376017774,185.01773375698545,172.6320158338516,177.42868745260736,177.42868745260736,83928,176.96784376017774,185.01773375698545,172.6320158338516,177.42868745260736,177.42868745260736,83928
2025-02-11,69.12329934979736,71.82150655107951,68.1970445192837,70.58806686626522,70.58806686626522,21698,69.12329934979736,71.82150655107951,68.1970445192837,70.58806686626522,70.58806686626522,21698,69.12329934979736,71.82150655107951,68.1970445192837,70.58806686626522,70.58806686626522,21698
2025-02-12,109.59309358405508,117.84358768585571,102.10925008729276,109.06435316207074,109.06435316207074,43470,109.59309358405508,117.84358768585571,102.10925008729276,109.06435316207074,109.06435316207074,43470,109.59309358405508,117.84358768585571,102.10925008729276,109.06435316207074,109.06435316207074,43470
2025-02-13,169.59430486693304,174.57686168956758,160.44881822844746,169.60708884871735,169.60708884871735,93071,169.59430486693304,174.57686168956758,160.44881822844746,169.60708884871735,169.60708884871735,93071,169.59430486693304,174.57686168956758,160.44881822844746,169.60708884871735,169.60708884871735,93071
2025-02-14,72.48761410231606,73.25819689365937,68.14740437522848,68.46144361511423,68.46144361511423,52660,72.48761410231606,73.25819689365937,68.14740437522848,68.46144361511423,68.46144361511423,52660,72.48761410231606,73.25819689365937,68.14740437522848,68.46144361511423,68.46144361511423,52660
2025-02-15,84.38770928489623,84.97321857733603,81.80059286334182,84.3822324677123,84.3822324677123,54910,84.38770928489623,84.97321857733603,81.80059286334182,84.3822324677123,84.3822324677123,54910,84.38770928489623,84.97321857733603,81.80059286334182,84.3822324677123,84.3822324677123,54910
2025-02-16,158.33788525895994,161.68026844592055,153.99385206889386,161.22295705496444,161.22295705496444,36450,158.33788525895994,161.68026844592055,153.99385206889386,161.22295705496444,161.22295705496444,36450,158.33788525895994,161.68026844592055,153.99385206889386,161.22295705496444,161.22295705496444,36450
2025-02-17,158.00548048191115,165.85445025302582,150.77100230341114,160.5566212370579,160.5566212370579,57463,158.00548048191115,165.85445025302582,150.77100230341114,160.5566212370579,160.5566212370579,57463,158.00548048191115,165.85445025302582,150.77100230341114,160.5566212370579,160.5566212370579,57463
2025-02-18,146.1721449327946,153.24895428020375,146.08160331699088,152.92331234664726,152.92331234664726,34757,146.1721449327946,153.24895428020375,146.08160331699088,152.92331234664726,152.92331234664726,34757,146.1721449327946,153.24895428020375,146.08160331699088,152.92331234664726,152.92331234664726,34757
2025-02-19,154.092266670065,161.97841631678904,148.19772677521803,150.28456848611208,150.28456848611208,79012,154.092266670065,161.97841631678904,148.19772677521803,150.28456848611208,150.28456848611208,79012,154.092266670065,161.97841631678904,148.19772677521803,150.28456848611208,150.28456848611208,79012
2025-02-20,131.40866650213943,136.5813570665555,125.27574965326563,130.67322966427932,130.67322966427932,71247,131.40866650213943,136.5813570665555,125.27574965326563,130.67322966427932,130.67322966427932,71247,131.40866650213943,136.5813570665555,125.27574965326563,130.67322966427932,130.67322966427932,71247
2025-02-21,87.76985883604291,92.17184881559783,81.39297636708356,87.8797743909385,87.8797743909385,73015,87.76985883604291,92.17184881559783,81.39297636708356,87.8797743909385,87.8797743909385,73015,87.76985883604291,92.17184881559783,81.39297636708356,87.8797743909385,87.8797743909385,73015
2025-02-22,101.85439902558792,103.32892429265077,99.43417822577915,101.6998947452779,101.6998947452779,32390,101.85439902558792,103.32892429265077,99.43417822577915,101.6998947452779,101.6998947452779,32390,101.85439902558792,103.32892429265077,99.43417822577915,101.6998947452779,101.6998947452779,32390
2025-02-23,77.23965752021385,80.52158505630698,70.09913028643258,74.28334752082144,74.28334752082144,57116,77.23965752021385,80.52158505630698,70.09913028643258,74.28334752082144,74.28334752082144,57116,77.23965752021385,80.52158505630698,70.09913028643258,74.28334752082144,74.28334752082144,57116
2025-02-24,186.26758420004424,190.607777861783,185.35366933672648,187.13000151416645,187.13000151416645,14161,186.26758420004424,190.607777861783,185.35366933672648,187.13000151416645,187.13000151416645,14161,186.26758420004424,190.607777861783,185.35366933672648,187.13000151416645,187.13000151416645,14161
2025-02-25,137.50876921491806,138.39477351171422,135.51606585025004,135.88115513562363,135.88115513562363,33152,137.50876921491806,138.39477351171422,135.51606585025004,135.88115513562363,135.88115513562363,33152,137.50876921491806,138.39477351171422,135.51606585025004,135.88115513562363,135.88115513562363,33152
2025-02-26,110.12771251454598,112.33383204165808,101.35301204800116,105.65466538149958,105.65466538149958,81171,110.12771251454598,112.33383204165808,101.35301204800116,105.65466538149958,105.65466538149958,81171,110.12771251454598,112.33383204165808,101.35301204800116,105.65466538149958,105.65466538149958,81171
2025-02-27,119.3008705466199,125.2831234872573,111.91363903935424,114.08833027719025,114.08833027719025,96833,119.3008705466199,125.2831234872573,111.91363903935424,114.08833027719025,114.08833027719025,96833,119.3008705466199,125.2831234872573,111.91363903935424,114.08833027719025,114.08833027719025,96833
2025-02-28,192.0925009417723,199.4491320841642,191.95504540165885,197.45844543794823,197.45844543794823,21836,192.0925009417723,199.4491320841642,191.95504540165885,197.45844543794823,197.45844543794823,21836,192.0925009417723,199.4491320841642,191.95504540165885,197.45844543794823,197.45844543794823,21836
2025-03-01,73.00271046741203,82.98618558134153,70.51894786371403,73.12249277931961,73.12249277931961,91367,73.00271046741203,82.98618558134153,70.51894786371403,73.12249277931961,73.12249277931961,91367,73.00271046741203,82.98618558134153,70.51894786371403,73.12249277931961,73.12249277931961,91367
2025-03-02,137.9344748025196,147.26560811595516,135.79040997258795,136.46245845505476,136.46245845505476,67543,137.9344748025196,147.26560811595516,135.79040997258795,136.46245845505476,136.46245845505476,67543,137.9344748025196,147.26560811595516,135.79040997258795,136.46245845505476,136.46245845505476,67543
2025-03-03,125.8833018326699,132.30895382802183,123.17523855230017,128.22039358307282,128.22039358307282,56648,125.8833018326699,132.30895382802183,123.17523855230017,128.22039358307282,128.22039358307282,56648,125.8833018326699,132.30895382802183,123.17523855230017,128.22039358307282,128.22039358307282,56648
2025-03-04,141.71813531519717,145.9306158481379,139.2425376123983,143.22348063306404,143.22348063306404,27331,141.71813531519717,145.9306158481379,139.2425376123983,143.22348063306404,143.22348063306404,27331,141.71813531519717,145.9306158481379,139.2425376123983,143.22348063306404,143.22348063306404,27331
2025-03-05,52.71652757312608,59.0783012202084,52.091264615697625,58.183353090815565,58.183353090815565,11763,52.71652757312608,59.0783012202084,52.091264615697625,58.183353090815565,58.183353090815565,11763,52.71652757312608,59.0783012202084,52.091264615697625,58.183353090815565,58.183353090815565,11763
2025-03-06,180.81858634162273,188.67510252242505,176.22918117565453,183.41024894233783,183.41024894233783,70444,180.81858634162273,188.67510252242505,176.22918117565453,183.41024894233783,183.41024894233783,70444,180.81858634162273,188.67510252242505,176.22918117565453,183.41024894233783,183.41024894233783,70444
2025-03-07,189.81774237254186,191.00110428177572,182.49040762468022,185.43069037155485,185.43069037155485,94109,189.81774237254186,191.00110428177572,182.49040762468022,185.43069037155485,185.43069037155485,94109,189.81774237254186,191.00110428177572,182.49040762468022,185.43069037155485,185.43069037155485,94109
2025-03-08,134.76997753838134,138.8690264353442,128.70266029120697,136.8663730968961,136.8663730968961,20187,134.76997753838134,138.8690264353442,128.70266029120697,136.8663730968961,136.8663730968961,20187,134.76997753838134,138.8690264353442,128.70266029120697,136.8663730968961,136.8663730968961,20187
2025-03-09,154.49762358153384,162.89564643789,147.76890689555304,155.94156499302125,155.94156499302125,12957,154.49762358153384,162.89564643789,147.76890689555304,155.94156499302125,155.94156499302125,12957,154.49762358153384,162.89564643789,147.76890689555304,155.94156499302125,155.94156499302125,12957
2025-03-10,188.37490717659435,192.2132366959248,187.56341539123196,187.9320545477522,187.9320545477522,5379,188.37490717659435,192.2132366959248,187.56341539123196,187.9320545477522,187.9320545477522,5379,188.37490717659435,192.2132366959248,187.56341539123196,187.9320545477522,187.9320545477522,5379
2025-03-11,156.08579514700978,161.80451785928165,146.5708880452419,155.19084601112087,155.19084601112087,28959,156.08579514700978,161.80451785928165,146.5708880452419,155.19084601112087,155.19084601112087,28959,156.08579514700978,161.80451785928165,146.5708880452419,155.19084601112087,155.19084601112087,28959
2025-03-12,72.8808564371392,78.75855004576118,64.49593809870895,77.44665425278494,77.44665425278494,83018,72.8808564371392,78.75855004576118,64.49593809870895,77.44665425278494,77.44665425278494,83018,72.8808564371392,78.75855004576118,64.49593809870895,77.44665425278494,77.44665425278494,83018
2025-03-13,136.443254025022,138.28801655635837,128.39235084006535,132.31412810114216,132.31412810114216,28105,136.443254025022,138.28801655635837,128.39235084006535,132.31412810114216,132.31412810114216,28105,136.443254025022,138.28801655635837,128.39235084006535,132.31412810114216,132.31412810114216,28105
2025-03-14,141.00725695742838,144.62961137395126,132.7774189070107,136.28952934404765,136.28952934404765,1877,141.00725695742838,144.62961137395126,132.7774189070107,136.28952934404765,136.28952934404765,1877,141.00725695742838,144.62961137395126,132.7774189070107,136.28952934404765,136.28952934404765,1877
2025-03-15,113.6196006953579,116.96471358277722,104.29249561403029,106.1105718452204,106.1105718452204,49353,113.6196006953579,116.96471358277722,104.29249561403029,106.1105718452204,106.1105718452204,49353,113.6196006953579,116.96471358277722,104.29249561403029,106.1105718452204,106.1105718452204,49353
2025-03-16,160.46663534370842,160.72860242902905,155.02409568257144,155.8880176841725,155.8880176841725,84788,160.46663534370842,160.72860242902905,155.02409568257144,155.8880176841725,155.8880176841725,84788,160.46663534370842,160.72860242902905,155.02409568257144,155.8880176841725,155.8880176841725,84788
2025-03-17,190.1550522153522,190.39696985426576,188.15223203667597,189.1236905539525,189.1236905539525,97870,190.1550522153522,190.39696985426576,188.15223203667597,189.1236905539525,189.1236905539525,97870,190.1550522153522,190.39696985426576,188.15223203667597,189.1236905539525,189.1236905539525,97870
2025-03-18,188.83527693601644,197.15224737277418,182.66744085749104,191.29574785552867,191.29574785552867,85585,188.83527693601644,197.15224737277418,182.66744085749104,191.29574785552867,191.29574785552867,85585,188.83527693601644,197.15224737277418,182.66744085749104,191.29574785552867,191.29574785552867,85585
2025-03-19,117.62590571061982,120.35661381034794,110.19709077394043,111.01610483985033,111.01610483985033,84308,117.62590571061982,120.35661381034794,110.19709077394043,111.01610483985033,111.01610483985033,84308,117.62590571061982,120.35661381034794,110.19709077394043,111.01610483985033,111.01610483985033,84308
2025-03-20,66.98570687611328,72.16649453850144,59.60653294257303,71.40747833746975,71.40747833746975,52567,66.98570687611328,72.16649453850144,59.60653294257303,71.40747833746975,71.40747833746975,52567,66.98570687611328,72.16649453850144,59.60653294257303,71.40747833746975,71.40747833746975,52567
2025-03-21,197.72617984435018,200.71343558023793,192.51168960268137,198.70510371208024,198.70510371208024,58913,197.72617984435018,200.71343558023793,192.51168960268137,198.70510371208024,198.70510371208024,58913,197.72617984435018,200.71343558023793,192.51168960268137,198.70510371208024,198.70510371208024,58913
2025-03-22,175.83471296689012,185.24150541804352,175.15012577355435,181.0699704414926,181.0699704414926,3637,175.83471296689012,185.24150541804352,175.15012577355435,181.0699704414926,181.0699704414926,3637,175.83471296689012,185.24150541804352,175.15012577355435,181.0699704414926,181.0699704414926,3637
2025-03-23,68.69940218049003,71.29236976914777,64.98827279618875,70.21083051393744,70.21083051393744,73778,68.69940218049003,71.29236976914777,64.98827279618875,70.21083051393744,70.21083051393744,73778,68.69940218049003,71.29236976914777,64.98827279618875,70.21083051393744,70.21083051393744,73778
2025-03-24,188.12628239260584,192.4228505199952,178.9186163079723,180.0014770526656,180.0014770526656,43025,188.12628239260584,192.4228505199952,178.9186163079723,180.0014770526656,180.0014770526656,43025,188.12628239260584,192.4228505199952,178.9186163079723,180.0014770526656,180.0014770526656,43025
2025-03-25,180.48445430931923,189.21175681416526,174.63996521174496,181.58836196600402,181.58836196600402,83464,180.48445430931923,189.21175681416526,174.63996521174496,181.58836196600402,181.58836196600402,83464,180.48445430931923,189.21175681416526,174.63996521174496,181.58836196600402,181.58836196600402,83464
2025-03-26,127.82570856891081,136.2450442368289,122.44238913635368,131.1393472476052,131.1393472476052,29742,127.82570856891081,136.2450442368289,122.44238913635368,131.1393472476052,131.1393472476052,29742,127.82570856891081,136.2450442368289,122.44238913635368,131.1393472476052,131.1393472476052,29742
2025-03-27,138.69131536173938,140.55232954020215,136.00278021791746,139.77277748535715,139.77277748535715,12831,138.69131536173938,140.55232954020215,136.00278021791746,139.77277748535715,139.77277748535715,12831,138.69131536173938,140.55232954020215,136.00278021791746,139.77277748535715,139.77277748535715,12831
2025-03-28,109.85040558051955,117.87683867847666,106.16591638135375,115.3410675212518,115.3410675212518,86092,109.85040558051955,117.87683867847666,106.16591638135375,115.3410675212518,115.3410675212518,86092,109.85040558051955,117.87683867847666,106.16591638135375,115.3410675212518,115.3410675212518,86092
2025-03-29,58.2142458233047,62.79611469068362,49.26078493177301,53.01100859269783,53.01100859269783,91879,58.2142458233047,62.79611469068362,49.26078493177301,53.01100859269783,53.01100859269783,91879,58.2142458233047,62.79611469068362,49.26078493177301,53.01100859269783,53.01100859269783,91879
2025-03-30,100.27958624688515,105.1092749677387,93.61495577161679,104.42973276583159,104.42973276583159,89370,100.27958624688515,105.1092749677387,93.61495577161679,104.42973276583159,104.42973276583159,89370,100.27958624688515,105.1092749677387,93.61495577161679,104.42973276583159,104.42973276583159,89370
2025-03-31,170.4280172897017,171.76281701386114,162.55414702217837,163.69920684075336,163.69920684075336,47762,170.4280172897017,171.76281701386114,162.55414702217837,163.69920684075336,163.69920684075336,47762,170.4280172897017,171.76281701386114,162.55414702217837,163.69920684075336,163.69920684075336,47762
2025-04-01,50.69480345069043,51.50081858826167,46.15134922001388,50.83284970595158,50.83284970595158,99958,50.69480345069043,51.50081858826167,46.15134922001388,50.83284970595158,50.83284970595158,99958,50.69480345069043,51.50081858826167,46.15134922001388,50.83284970595158,50.83284970595158,99958
2025-04-02,100.02487575367164,107.30426882340929,93.72240355911006,106.90958320892506,106.90958320892506,89741,100.02487575367164,107.30426882340929,93.72240355911006,106.90958320892506,106.90958320892506,89741,100.02487575367164,107.30426882340929,93.72240355911006,106.90958320892506,106.90958320892506,89741
2025-04-03,109.7253040386415,114.6899155621945,107.24146795120942,108.56098668803457,108.56098668803457,19830,109.7253040386415,114.6899155621945,107.24146795120942,108.56098668803457,108.56098668803457,19830,109.7253040386415,114.6899155621945,107.24146795120942,108.56098668803457,108.56098668803457,19830
2025-04-04,130.6093404406884,134.97784746684022,123.55473213785355,131.80297606440087,131.80297606440087,56044,130.6093404406884,134.97784746684022,123.55473213785355,131.80297606440087,131.80297606440087,56044,130.6093404406884,134.97784746684022,123.55473213785355,131.80297606440087,131.80297606440087,56044
2025-04-05,187.97834246191408,195.27342474843806,183.70232912488072,184.16847671490555,184.16847671490555,74948,187.97834246191408,195.27342474843806,183.70232912488072,184.16847671490555,184.16847671490555,74948,187.97834246191408,195.27342474843806,183.70232912488072,184.16847671490555,184.16847671490555,74948
2025-04-06,101.95189915489419,109.60702814480528,97.52644400674674,102.4241885573297,102.4241885573297,70202,101.95189915489419,109.60702814480528,97.52644400674674,102.4241885573297,102.4241885573297,70202,101.95189915489419,109.60702814480528,97.52644400674674,102.4241885573297,102.4241885573297,70202
2025-04-07,102.04298028443415,103.63206196112769,95.54975703866533,99.7225160891558,99.7225160891558,38045,102.04298028443415,103.63206196112769,95.54975703866533,99.7225160891558,99.7225160891558,38045,102.04298028443415,103.63206196112769,95.54975703866533,99.7225160891558,99.7225160891558,38045
2025-04-08,160.62518721646225,166.72743871123868,151.26238100177298,160.24209292919122,160.24209292919122,87322,160.62518721646225,166.72743871123868,151.26238100177298,160.24209292919122,160.24209292919122,87322,160.62518721646225,166.72743871123868,151.26238100177298,160.24209292919122,160.24209292919122,87322
2025-04-09,117.83269113347107,119.18623195624792,117.19262766738487,119.05851617959988,119.05851617959988,72051,117.83269113347107,119.18623195624792,117.19262766738487,119.05851617959988,119.05851617959988,72051,117.83269113347107,119.18623195624792,117.19262766738487,119.05851617959988,119.05851617959988,72051
2025-04-10,83.69072344099729,91.20447430128775,75.44329106752721,86.03875732899247,86.03875732899247,27627,83.69072344099729,91.20447430128775,75.44329106752721,86.03875732899247,86.03875732899247,27627,83.69072344099729,91.20447430128775,75.44329106752721,86.03875732899247,86.03875732899247,27627
2025-04-11,117.86592741990401,124.4354789825754,114.94209631578208,119.51105207579658,119.51105207579658,16198,117.86592741990401,124.4354789825754,114.94209631578208,119.51105207579658,119.51105207579658,16198,117.86592741990401,124.4354789825754,114.94209631578208,119.51105207579658,119.51105207579658,16198
2025-04-12,71.12855305696998,80.69469926780455,66.68935851190619,78.02913329635433,78.02913329635433,70521,71.12855305696998,80.69469926780455,66.68935851190619,78.02913329635433,78.02913329635433,70521,71.12855305696998,80.69469926780455,66.68935851190619,78.02913329635433,78.02913329635433,70521
2025-04-13,76.4580479759335,77.14762813949771,76.23891468818341,77.1026766485004,77.1026766485004,30475,76.4580479759335,77.14762813949771,76.23891468818341,77.1026766485004,77.1026766485004,30475,76.4580479759335,77.14762813949771,76.23891468818341,77.1026766485004,77.1026766485004,30475
2025-04-14,124.75516591092196,125.32571312243451,121.74470513257883,121.82372418731546,121.82372418731546,20403,124.75516591092196,125.32571312243451,121.74470513257883,121.82372418731546,121.82372418731546,20403,124.75516591092196,125.32571312243451,121.74470513257883,121.82372418731546,121.82372418731546,20403
2025-04-15,112.83881742568218,115.66068817261419,107.81250499938088,115.5235119156445,115.5235119156445,4681,112.83881742568218,115.66068817261419,107.81250499938088,115.5235119156445,115.5235119156445,4681,112.83881742568218,115.66068817261419,107.81250499938088,115.5235119156445,115.5235119156445,4681
2025-04-16,187.226885160215,189.84394199757406,186.66512438674062,186.938922747255,186.938922747255,92555,187.226885160215,189.84394199757406,186.66512438674062,186.938922747255,186.938922747255,92555,187.226885160215,189.84394199757406,186.66512438674062,186.938922747255,186.938922747255,92555
2025-04-17,104.35908486749497,106.82887285821496,99.44812757366331,105.45890895455243,105.45890895455243,94122,104.35908486749497,106.82887285821496,99.44812757366331,105.45890895455243,105.45890895455243,94122,104.35908486749497,106.82887285821496,99.44812757366331,105.45890895455243,105.45890895455243,94122
2025-04-18,137.08825254170654,146.1507983469169,127.81714625312226,132.95670607619988,132.95670607619988,43292,137.08825254170654,146.1507983469169,127.81714625312226,132.95670607619988,132.95670607619988,43292,137.08825254170654,146.1507983469169,127.81714625312226,132.95670607619988,132.95670607619988,43292
2025-04-19,144.83964318792954,147.3351051864246,143.7857110068515,144.25486871474106,144.25486871474106,6629,144.83964318792954,147.3351051864246,143.7857110068515,144.25486871474106,144.25486871474106,6629,144.83964318792954,147.3351051864246,143.7857110068515,144.25486871474106,144.25486871474106,6629
2025-04-20,51.964168488250046,54.68366574953635,44.319761207495006,48.87838306976772,48.87838306976772,94246,51.964168488250046,54.68366574953635,44.319761207495006,48.87838306976772,48.87838306976772,94246,51.964168488250046,54.68366574953635,44.319761207495006,48.87838306976772,48.87838306976772,94246
2025-04-21,149.53060580250659,157.12458842668622,145.43389526874665,152.96219404610503,152.96219404610503,96864,149.53060580250659,157.12458842668622,145.43389526874665,152.96219404610503,152.96219404610503,96864,149.53060580250659,157.12458842668622,145.43389526874665,152.96219404610503,152.96219404610503,96864
2025-04-22,76.70539503046271,81.20279345496812,70.15365788521933,74.36284646642963,74.36284646642963,78814,76.70539503046271,81.20279345496812,70.15365788521933,74.36284646642963,74.36284646642963,78814,76.70539503046271,81.20279345496812,70.15365788521933,74.36284646642963,74.36284646642963,78814
2025-04-23,194.16054762041827,201.92765318997007,191.55818164056598,192.12399608933504,192.12399608933504,9417,194.16054762041827,201.92765318997007,191.55818164056598,192.12399608933504,192.12399608933504,9417,194.16054762041827,201.92765318997007,191.55818164056598,192.12399608933504,192.12399608933504,9417
2025-04-24,72.29940916296694,72.95307073861079,70.70448653755335,72.05242538533783,72.05242538533783,35765,72.29940916296694,72.95307073861079,70.70448653755335,72.05242538533783,72.05242538533783,35765,72.29940916296694,72.95307073861079,70.70448653755335,72.05242538533783,72.05242538533783,35765
2025-04-25,112.19361855905356,117.0693304957874,110.5889924163413,116.43687072953821,116.43687072953821,75499,112.19361855905356,117.0693304957874,110.5889924163413,116.43687072953821,116.43687072953821,75499,112.19361855905356,117.0693304957874,110.5889924163413,116.43687072953821,116.43687072953821,75499
2025-04-26,62.80245021179658,63.13858621362941,62.097530755365135,62.496479203775266,62.496479203775266,57574,62.80245021179658,63.13858621362941,62.097530755365135,62.496479203775266,62.496479203775266,57574,62.80245021179658,63.13858621362941,62.097530755365135,62.496479203775266,62.496479203775266,57574
2025-04-27,199.5311377768921,200.15766981144566,197.6746707278797,198.2118248164823,198.2118248164823,91545,199.5311377768921,200.15766981144566,197.6746707278797,198.2118248164823,198.2118248164823,91545,199.5311377768921,200.15766981144566,197.6746707278797,198.2118248164823,198.2118248164823,91545
2025-04-28,125.32925154968639,134.3936260831305,118.68705769979671,125.63842904860485,125.63842904860485,28675,125.32925154968639,134.3936260831305,118.68705769979671,125.63842904860485,125.63842904860485,28675,125.32925154968639,134.3936260831305,118.68705769979671,125.63842904860485,125.63842904860485,28675
2025-04-29,139.30775259800657,140.70020630918253,130.4908464795715,130.984598799004,130.984598799004,73267,139.30775259800657,140.70020630918253,130.4908464795715,130.984598799004,130.984598799004,73267,139.30775259800657,140.70020630918253,130.4908464795715,130.984598799004,130.984598799004,73267
2025-04-30,60.06147160826412,65.38567843101629,51.92021475235251,62.96846051996623,62.96846051996623,41563,60.06147160826412,65.38567843101629,51.92021475235251,62.96846051996623,62.96846051996623,41563,60.06147160826412,65.38567843101629,51.92021475235251,62.96846051996623,62.96846051996623,41563
2025-05-01,162.49407055987666,166.60502658588373,155.6427274611318,164.70132260975782,164.70132260975782,12332,162.49407055987666,166.60502658588373,155.6427274611318,164.70132260975782,164.70132260975782,12332,162.49407055987666,166.60502658588373,155.6427274611318,164.70132260975782,164.70132260975782,12332
2025-05-02,81.48583896433786,84.95927222692629,80.38152033022683,83.07324056695197,83.07324056695197,20177,81.48583896433786,84.95927222692629,80.38152033022683,83.07324056695197,83.07324056695197,20177,81.48583896433786,84.95927222692629,80.38152033022683,83.07324056695197,83.07324056695197,20177
2025-05-03,184.70814341610705,193.70647687297978,181.81626895314756,186.01473571971843,186.01473571971843,90254,184.70814341610705,193.70647687297978,181.81626895314756,186.01473571971843,186.01473571971843,90254,184.70814341610705,193.70647687297978,181.81626895314756,186.01473571971843,186.01473571971843,90254
2025-05-04,80.77094607230107,80.98918004005597,77.67287731907638,80.32520106678214,80.32520106678214,69447,80.77094607230107,80.98918004005597,77.67287731907638,80.32520106678214,80.32520106678214,69447,80.77094607230107,80.98918004005597,77.67287731907638,80.32520106678214,80.32520106678214,69447
2025-05-05,78.60315809954999,85.24105496130588,76.10358863557377,81.17202264589801,81.17202264589801,58104,78.60315809954999,85.24105496130588,76.10358863557377,81.17202264589801,81.17202264589801,58104,78.60315809954999,85.24105496130588,76.10358863557377,81.17202264589801,81.17202264589801,58104
2025-05-06,55.48245017721423,65.11639451934974,50.332393580117,62.54297760546311,62.54297760546311,85335,55.48245017721423,65.11639451934974,50.332393580117,62.54297760546311,62.54297760546311,85335,55.48245017721423,65.11639451934974,50.332393580117,62.54297760546311,62.54297760546311,85335
2025-05-07,120.8100417664999,126.41172360111831,115.45450361770317,122.37353651849703,122.37353651849703,81730,120.8100417664999,126.41172360111831,115.45450361770317,122.37353651849703,122.37353651849703,81730,120.8100417664999,126.41172360111831,115.45450361770317,122.37353651849703,122.37353651849703,81730
2025-05-08,134.72616998939247,144.0943946097234,131.15731023768137,141.30523002652689,141.30523002652689,5951,134.72616998939247,144.0943946097234,131.15731023768137,141.30523002652689,141.30523002652689,5951,134.72616998939247,144.0943946097234,131.15731023768137,141.30523002652689,141.30523002652689,5951
2025-05-09,59.856295914252854,60.37887470711309,56.3184043268885,58.74885163154779,58.74885163154779,29333,59.856295914252854,60.37887470711309,56.3184043268885,58.74885163154779,58.74885163154779,29333,59.856295914252854,60.37887470711309,56.3184043268885,58.74885163154779,58.74885163154779,29333
2025-05-10,166.3291425042516,170.5170756949932,158.0435865251908,163.2093706543493,163.2093706543493,22673,166.3291425042516,170.5170756949932,158.0435865251908,163.2093706543493,163.2093706543493,22673,166.3291425042516,170.5170756949932,158.0435865251908,163.2093706543493,163.2093706543493,22673
2025-05-11,117.99332521220414,120.59490312182466,110.10039672900729,120.15356567997507,120.15356567997507,41870,117.99332521220414,120.59490312182466,110.10039672900729,120.15356567997507,120.15356567997507,41870,117.99332521220414,120.59490312182466,110.10039672900729,120.15356567997507,120.15356567997507,41870
2025-05-12,128.658540399137,135.9667500489443,125.58058208232954,131.20068115657858,131.20068115657858,72101,128.658540399137,135.9667500489443,125.58058208232954,131.20068115657858,131.20068115657858,72101,128.658540399137,135.9667500489443,125.58058208232954,131.20068115657858,131.20068115657858,72101
2025-05-13,116.11441204073422,125.92738294570668,106.97652760200162,118.44349153785551,118.44349153785551,23821,116.11441204073422,125.92738294570668,106.97652760200162,118.44349153785551,118.44349153785551,23821,116.11441204073422,125.92738294570668,106.97652760200162,118.44349153785551,118.44349153785551,23821
2025-05-14,110.1144591312989,112.67975975574137,100.58630896127384,103.25276537932442,103.25276537932442,26494,110.1144591312989,112.67975975574137,100.58630896127384,103.25276537932442,103.25276537932442,26494,110.1144591312989,112.67975975574137,100.58630896127384,103.25276537932442,103.25276537932442,26494
2025-05-15,133.94604969623268,140.48779571097342,130.67862427593226,136.81574012789326,136.81574012789326,75160,133.94604969623268,140.48779571097342,130.67862427593226,136.81574012789326,136.81574012789326,75160,133.94604969623268,140.48779571097342,130.67862427593226,136.81574012789326,136.81574012789326,75160
2025-05-16,73.28603688960688,75.26701321720428,69.74178740167633,72.90004874295275,72.90004874295275,1835,73.28603688960688,75.26701321720428,69.74178740167633,72.90004874295275,72.90004874295275,1835,73.28603688960688,75.26701321720428,69.74178740167633,72.90004874295275,72.90004874295275,1835
2025-05-17,77.28921957429067,82.94252212000677,72.23287804007109,74.21243149438924,74.21243149438924,19646,77.28921957429067,82.94252212000677,72.23287804007109,74.21243149438924,74.21243149438924,19646,77.28921957429067,82.94252212000677,72.23287804007109,74.21243149438924,74.21243149438924,19646
2025-05-18,179.26784315202758,183.90716801891094,169.85663502669084,170.6938655039618,170.6938655039618,78360,179.26784315202758,183.90716801891094,169.85663502669084,170.6938655039618,170.6938655039618,78360,179.26784315202758,183.90716801891094,169.85663502669084,170.6938655039618,170.6938655039618,78360
2025-05-19,191.9173193200449,201.63737261636027,183.1541249886218,194.32464795104147,194.32464795104147,38335,191.9173193200449,201.63737261636027,183.1541249886218,194.32464795104147,194.32464795104147,38335,191.9173193200449,201.63737261636027,183.1541249886218,194.32464795104147,194.32464795104147,38335
2025-05-20,105.99639744196294,112.0816701689276,104.97071781612705,110.4012971556793,110.4012971556793,70351,105.99639744196294,112.0816701689276,104.97071781612705,110.4012971556793,110.4012971556793,70351,105.99639744196294,112.0816701689276,104.97071781612705,110.4012971556793,110.4012971556793,70351
2025-05-21,90.61170097153307,94.10676469240126,86.68439353881891,90.56927277609587,90.56927277609587,3429,90.61170097153307,94.10676469240126,86.68439353881891,90.56927277609587,90.56927277609587,3429,90.61170097153307,94.10676469240126,86.68439353881891,90.56927277609587,90.56927277609587,3429
2025-05-22,146.59993148585238,147.74088933473172,141.06621958835467,142.5798519698822,142.5798519698822,42950,146.59993148585238,147.74088933473172,141.06621958835467,142.5798519698822,142.5798519698822,42950,146.59993148585238,147.74088933473172,141.06621958835467,142.5798519698822,142.5798519698822,42950
2025-05-23,111.31012566471446,112.82259395206381,106.27880093919906,110.64038279320374,110.64038279320374,61654,111.31012566471446,112.82259395206381,106.27880093919906,110.64038279320374,110.64038279320374,61654,111.31012566471446,112.82259395206381,106.27880093919906,110.64038279320374,110.64038279320374,61654
2025-05-24,53.80795334905173,56.06112264856408,51.8693226696828,52.2051098527932,52.2051098527932,69143,53.80795334905173,56.06112264856408,51.8693226696828,52.2051098527932,52.2051098527932,69143,53.80795334905173,56.06112264856408,51.8693226696828,52.2051098527932,52.2051098527932,69143
2025-05-25,73.42288960492856,75.93255621833154,64.834721893247,69.73811914837741,69.73811914837741,92186,73.42288960492856,75.93255621833154,64.834721893247,69.73811914837741,69.73811914837741,92186,73.42288960492856,75.93255621833154,64.834721893247,69.73811914837741,69.73811914837741,92186
2025-05-26,157.39583432710964,165.901994905521,150.62642649714127,153.1219465907116,153.1219465907116,98889,157.39583432710964,165.901994905521,150.62642649714127,153.1219465907116,153.1219465907116,98889,157.39583432710964,165.901994905521,150.62642649714127,153.1219465907116,153.1219465907116,98889
2025-05-27,148.8385912865227,154.45081916934794,140.45950753800466,143.04033160460534,143.04033160460534,78527,148.8385912865227,154.45081916934794,140.45950753800466,143.04033160460534,143.04033160460534,78527,148.8385912865227,154.45081916934794,140.45950753800466,143.04033160460534,143.04033160460534,78527
2025-05-28,54.06439887552252,59.298307989266185,45.4767560820278,48.27277240083815,48.27277240083815,87704,54.06439887552252,59.298307989266185,45.4767560820278,48.27277240083815,48.27277240083815,87704,54.06439887552252,59.298307989266185,45.4767560820278,48.27277240083815,48.27277240083815,87704
2025-05-29,83.29582428994242,84.4435130086346,75.81226575328502,79.15002997802017,79.15002997802017,32099,83.29582428994242,84.4435130086346,75.81226575328502,79.15002997802017,79.15002997802017,32099,83.29582428994242,84.4435130086346,75.81226575328502,79.15002997802017,79.15002997802017,32099
2025-05-30,84.66121948821072,93.26261642170508,80.26911347571354,80.93373382313025,80.93373382313025,40385,84.66121948821072,93.26261642170508,80.26911347571354,80.93373382313025,80.93373382313025,40385,84.66121948821072,93.26261642170508,80.26911347571354,80.93373382313025,80.93373382313025,40385
2025-05-31,150.78391153980925,158.01205457189408,144.678443989655,149.98246682317253,149.98246682317253,36919,150.78391153980925,158.01205457189408,144.678443989655,149.98246682317253,149.98246682317253,36919,150.78391153980925,158.01205457189408,144.678443989655,149.98246682317253,149.98246682317253,36919
2025-06-01,52.956580663154625,53.63326428215464,51.35292660195719,52.51979237485049,52.51979237485049,97952,52.956580663154625,53.63326428215464,51.35292660195719,52.51979237485049,52.51979237485049,97952,52.956580663154625,53.63326428215464,51.35292660195719,52.51979237485049,52.51979237485049,97952
2025-06-02,65.61628729768607,72.69463826998376,58.879833122936994,65.55644949842807,65.55644949842807,61782,65.61628729768607,72.69463826998376,58.879833122936994,65.55644949842807,65.55644949842807,61782,65.61628729768607,72.69463826998376,58.879833122936994,65.55644949842807,65.55644949842807,61782
2025-06-03,169.9874128059784,175.42279497940487,168.1948802485856,170.96161108661215,170.96161108661215,72116,169.9874128059784,175.42279497940487,168.1948802485856,170.96161108661215,170.96161108661215,72116,169.9874128059784,175.42279497940487,168.1948802485856,170.96161108661215,170.96161108661215,72116
2025-06-04,76.78169930815004,77.59895276561782,69.84220340304847,76.35125332030351,76.35125332030351,73590,76.78169930815004,77.59895276561782,69.84220340304847,76.35125332030351,76.35125332030351,73590,76.78169930815004,77.59895276561782,69.84220340304847,76.35125332030351,76.35125332030351,73590
2025-06-05,147.91191617778122,152.4949225930678,145.61593457024154,146.61563514679915,146.61563514679915,90626,147.91191617778122,152.4949225930678,145.61593457024154,146.61563514679915,146.61563514679915,90626,147.91191617778122,152.4949225930678,145.61593457024154,146.61563514679915,146.61563514679915,90626
2025-06-06,85.72741715700897,90.57438002830943,84.55190415550678,87.59745059388497,87.59745059388497,41387,85.72741715700897,90.57438002830943,84.55190415550678,87.59745059388497,87.59745059388497,41387,85.72741715700897,90.57438002830943,84.55190415550678,87.59745059388497,87.59745059388497,41387
2025-06-07,64.91620891390177,66.57395431553452,63.263364012472195,63.46875772583681,63.46875772583681,16823,64.91620891390177,66.57395431553452,63.263364012472195,63.46875772583681,63.46875772583681,16823,64.91620891390177,66.57395431553452,63.263364012472195,63.46875772583681,63.46875772583681,16823
2025-06-08,86.47582864991811,95.93281011992093,86.4559072977274,87.13024275170056,87.13024275170056,47015,86.47582864991811,95.93281011992093,86.4559072977274,87.13024275170056,87.13024275170056,47015,86.47582864991811,95.93281011992093,86.4559072977274,87.13024275170056,87.13024275170056,47015
2025-06-09,158.34003977834885,166.83979349315547,151.15264359981356,160.15496320236818,160.15496320236818,16339,158.34003977834885,166.83979349315547,151.15264359981356,160.15496320236818,160.15496320236818,16339,158.34003977834885,166.83979349315547,151.15264359981356,160.15496320236818,160.15496320236818,16339
2025-06-10,178.35447021594285,185.04469358923393,171.03045972535907,178.96277430299907,178.96277430299907,4491,178.35447021594285,185.04469358923393,171.03045972535907,178.96277430299907,178.96277430299907,4491,178.35447021594285,185.04469358923393,171.03045972535907,178.96277430299907,178.96277430299907,4491
2025-06-11,174.53297968504876,179.15593529505483,169.38364618591618,177.9640435209448,177.9640435209448,1706,174.53297968504876,179.15593529505483,169.38364618591618,177.9640435209448,177.9640435209448,1706,174.53297968504876,179.15593529505483,169.38364618591618,177.9640435209448,177.9640435209448,1706
2025-06-12,109.57752944276822,113.69518485861332,107.96390143221439,111.16123358354922,111.16123358354922,98493,109.57752944276822,113.69518485861332,107.96390143221439,111.16123358354922,111.16123358354922,98493,109.57752944276822,113.69518485861332,107.96390143221439,111.16123358354922,111.16123358354922,98493
2025-06-13,150.21277048559693,156.72250515710647,149.37722711049003,156.42715902200936,156.42715902200936,16728,150.21277048559693,156.72250515710647,149.37722711049003,156.42715902200936,156.42715902200936,16728,150.21277048559693,156.72250515710647,149.37722711049003,156.42715902200936,156.42715902200936,16728
2025-06-14,80.74764431237315,86.20196300644221,80.55635464800028,80.83126669113999,80.83126669113999,7997,80.74764431237315,86.20196300644221,80.55635464800028,80.83126669113999,80.83126669113999,7997,80.74764431237315,86.20196300644221,80.55635464800028,80.83126669113999,80.83126669113999,7997
2025-06-15,93.97215953915199,94.59489059797085,92.31467776949978,92.53815614962558,92.53815614962558,61408,93.97215953915199,94.59489059797085,92.31467776949978,92.53815614962558,92.53815614962558,61408,93.97215953915199,94.59489059797085,92.31467776949978,92.53815614962558,92.53815614962558,61408
2025-06-16,184.45037277816797,189.57539926587128,175.54181742833651,176.16021930292595,176.16021930292595,59097,184.45037277816797,189.57539926587128,175.54181742833651,176.16021930292595,176.16021930292595,59097,184.45037277816797,189.57539926587128,175.54181742833651,176.16021930292595,176.16021930292595,59097
2025-06-17,51.95028852661041,60.0143246989388,49.53492010959359,51.47651118527832,51.47651118527832,39523,51.95028852661041,60.0143246989388,49.53492010959359,51.47651118527832,51.47651118527832,39523,51.95028852661041,60.0143246989388,49.53492010959359,51.47651118527832,51.47651118527832,39523
2025-06-18,62.82627962817021,67.4186784041398,59.283566355998055,63.686859356818715,63.686859356818715,26163,62.82627962817021,67.4186784041398,59.283566355998055,63.686859356818715,63.686859356818715,26163,62.82627962817021,67.4186784041398,59.283566355998055,63.686859356818715,63.686859356818715,26163
2025-06-19,81.1829382719041,81.7025040474468,80.12948342709078,81.14498178040434,81.14498178040434,18718,81.1829382719041,81.7025040474468,80.12948342709078,81.14498178040434,81.14498178040434,18718,81.1829382719041,81.7025040474468,80.12948342709078,81.14498178040434,81.14498178040434,18718
2025-06-20,53.97983058107296,61.84261257491329,51.756217533591254,52.21600744468259,52.21600744468259,88508,53.97983058107296,61.84261257491329,51.756217533591254,52.21600744468259,52.21600744468259,88508,53.97983058107296,61.84261257491329,51.756217533591254,52.21600744468259,52.21600744468259,88508
2025-06-21,77.21531526346959,79.22895308482933,72.02306955566755,78.83962560987247,78.83962560987247,84767,77.21531526346959,79.22895308482933,72.02306955566755,78.83962560987247,78.83962560987247,84767,77.21531526346959,79.22895308482933,72.02306955566755,78.83962560987247,78.83962560987247,84767
2025-06-22,137.45623414545383,140.0424424943342,131.37870731449732,138.6750051154238,138.6750051154238,40619,137.45623414545383,140.0424424943342,131.37870731449732,138.6750051154238,138.6750051154238,40619,137.45623414545383,140.0424424943342,131.37870731449732,138.6750051154238,138.6750051154238,40619
2025-06-23,113.21368258887469,114.86074612319764,110.76015944721257,111.97644463947681,111.97644463947681,13126,113.21368258887469,114.86074612319764,110.76015944721257,111.97644463947681,111.97644463947681,13126,113.21368258887469,114.86074612319764,110.76015944721257,111.97644463947681,111.97644463947681,13126
2025-06-24,183.90075666154624,187.20290731026122,183.32343506929507,183.6228819501574,183.6228819501574,90131,183.90075666154624,187.20290731026122,183.32343506929507,183.6228819501574,183.6228819501574,90131,183.90075666154624,187.20290731026122,183.32343506929507,183.6228819501574,183.6228819501574,90131
2025-06-25,172.61653426076612,180.18404931765247,168.70620556949214,170.65614285073275,170.65614285073275,65926,172.61653426076612,180.18404931765247,168.70620556949214,170.65614285073275,170.65614285073275,65926,172.61653426076612,180.18404931765247,168.70620556949214,170.65614285073275,170.65614285073275,65926
2025-06-26,101.2726027546814,106.46646134972077,98.93056904541805,99.88720847610837,99.88720847610837,41633,101.2726027546814,106.46646134972077,98.93056904541805,99.88720847610837,99.88720847610837,41633,101.2726027546814,106.46646134972077,98.93056904541805,99.88720847610837,99.88720847610837,41633
2025-06-27,88.91351501469387,90.96232775620099,86.71797578239585,87.2412355344015,87.2412355344015,78654,88.91351501469387,90.96232775620099,86.71797578239585,87.2412355344015,87.2412355344015,78654,88.91351501469387,90.96232775620099,86.71797578239585,87.2412355344015,87.2412355344015,78654
2025-06-28,106.95386122509004,115.73216200661045,97.35523319795549,106.88480443346158,106.88480443346158,4317,106.95386122509004,115.73216200661045,97.35523319795549,106.88480443346158,106.88480443346158,4317,106.95386122509004,115.73216200661045,97.35523319795549,106.88480443346158,106.88480443346158,4317
2025-06-29,138.54424137722117,147.34005992673647,132.38123651796394,136.05882499572107,136.05882499572107,45980,138.54424137722117,147.34005992673647,132.38123651796394,136.05882499572107,136.05882499572107,45980,138.54424137722117,147.34005992673647,132.38123651796394,136.05882499572107,136.05882499572107,45980
2025-06-30,90.20954612343144,98.9153303738915,84.64076169171048,89.7530516731226,89.7530516731226,45115,90.20954612343144,98.9153303738915,84.64076169171048,89.7530516731226,89.7530516731226,45115,90.20954612343144,98.9153303738915,84.64076169171048,89.7530516731226,89.7530516731226,45115
2025-07-01,143.6223361773701,146.0102982911855,139.46458514213688,145.9416032139244,145.9416032139244,62646,143.6223361773701,146.0102982911855,139.46458514213688,145.9416032139244,145.9416032139244,62646,143.6223361773701,146.0102982911855,139.46458514213688,145.9416032139244,145.9416032139244,62646
2025-07-02,111.41174782868606,115.92414127049594,107.12230449438462,113.14552681699271,113.14552681699271,44158,111.41174782868606,115.92414127049594,107.12230449438462,113.14552681699271,113.14552681699271,44158,111.41174782868606,115.92414127049594,107.12230449438462,113.14552681699271,113.14552681699271,44158
2025-07-03,132.80707712779702,142.65697368920576,127.3980270894162,141.87847241211907,141.87847241211907,56963,132.80707712779702,142.65697368920576,127.3980270894162,141.87847241211907,141.87847241211907,56963,132.80707712779702,142.65697368920576,127.3980270894162,141.87847241211907,141.87847241211907,56963
2025-07-04,115.4189793702975,123.13910413339741,108.45468129993644,110.54804203172425,110.54804203172425,48631,115.4189793702975,123.13910413339741,108.45468129993644,110.54804203172425,110.54804203172425,48631,115.4189793702975,123.13910413339741,108.45468129993644,110.54804203172425,110.54804203172425,48631
2025-07-05,94.16986393128765,94.44153814354326,87.14840296946936,89.9353978147729,89.9353978147729,50316,94.16986393128765,94.44153814354326,87.14840296946936,89.9353978147729,89.9353978147729,50316,94.16986393128765,94.44153814354326,87.14840296946936,89.9353978147729,89.9353978147729,50316
2025-07-06,192.2679960443235,192.92004195692843,190.551056967269,191.8652082825316,191.8652082825316,60342,192.2679960443235,192.92004195692843,190.551056967269,191.8652082825316,191.8652082825316,60342,192.2679960443235,192.92004195692843,190.551056967269,191.8652082825316,191.8652082825316,60342
2025-07-07,164.54086912396411,169.18018289208743,159.53974160319785,160.2797231922852,160.2797231922852,16504,164.54086912396411,169.18018289208743,159.53974160319785,160.2797231922852,160.2797231922852,16504,164.54086912396411,169.18018289208743,159.53974160319785,160.2797231922852,160.2797231922852,16504
2025-07-08,71.01697636496789,80.10917842358349,66.89739541462687,66.9527190112017,66.9527190112017,69593,71.01697636496789,80.10917842358349,66.89739541462687,66.9527190112017,66.9527190112017,69593,71.01697636496789,80.10917842358349,66.89739541462687,66.9527190112017,66.9527190112017,69593
2025-07-09,180.27019638468693,185.65721436421407,171.5649267219931,181.01288019908006,181.01288019908006,27660,180.27019638468693,185.65721436421407,171.5649267219931,181.01288019908006,181.01288019908006,27660,180.27019638468693,185.65721436421407,171.5649267219931,181.01288019908006,181.01288019908006,27660
2025-07-10,123.11467973742705,128.09280481776995,116.80049052524329,124.0481182280427,124.0481182280427,38196,123.11467973742705,128.09280481776995,116.80049052524329,124.0481182280427,124.0481182280427,38196,123.11467973742705,128.09280481776995,116.80049052524329,124.0481182280427,124.0481182280427,38196
2025-07-11,184.1828340341137,185.23757103368,178.8577933699539,181.47853464449804,181.47853464449804,66938,184.1828340341137,185.23757103368,178.8577933699539,181.47853464449804,181.47853464449804,66938,184.1828340341137,185.23757103368,178.8577933699539,181.47853464449804,181.47853464449804,66938
2025-07-12,169.97828839209728,176.54608943934022,168.8243419703081,172.60524987513503,172.60524987513503,9605,169.97828839209728,176.54608943934022,168.8243419703081,172.60524987513503,172.60524987513503,9605,169.97828839209728,176.54608943934022,168.8243419703081,172.60524987513503,172.60524987513503,9605
2025-07-13,113.78202567038502,122.00305727638728,107.72564677715091,113.65709703563867,113.65709703563867,58388,113.78202567038502,122.00305727638728,107.72564677715091,113.65709703563867,113.65709703563867,58388,113.78202567038502,122.00305727638728,107.72564677715091,113.65709703563867,113.65709703563867,58388
2025-07-14,53.37039624801761,57.17459632309323,52.19835719121528,52.3178120347349,52.3178120347349,82297,53.37039624801761,57.17459632309323,52.19835719121528,52.3178120347349,52.3178120347349,82297,53.37039624801761,57.17459632309323,52.19835719121528,52.3178120347349,52.3178120347349,82297
2025-07-15,90.3016039077419,98.05772241699518,86.92953815208439,90.66161518329142,90.66161518329142,56501,90.3016039077419,98.05772241699518,86.92953815208439,90.66161518329142,90.66161518329142,56501,90.3016039077419,98.05772241699518,86.92953815208439,90.66161518329142,90.66161518329142,56501
2025-07-16,131.24513219913004,140.88989873813816,129.81671255098672,131.7775773354416,131.7775773354416,54309,131.24513219913004,140.88989873813816,129.81671255098672,131.7775773354416,131.7775773354416,54309,131.24513219913004,140.88989873813816,129.81671255098672,131.7775773354416,131.7775773354416,54309
2025-07-17,145.0217329739221,147.059397565199,138.1009965036784,138.9827198638034,138.9827198638034,28043,145.0217329739221,147.059397565199,138.1009965036784,138.9827198638034,138.9827198638034,28043,145.0217329739221,147.059397565199,138.1009965036784,138.9827198638034,138.9827198638034,28043
2025-07-18,88.68315281498035,93.91644912692776,86.62063167661881,93.60068931325588,93.60068931325588,34635,88.68315281498035,93.91644912692776,86.62063167661881,93.60068931325588,93.60068931325588,34635,88.68315281498035,93.91644912692776,86.62063167661881,93.60068931325588,93.60068931325588,34635
2025-07-19,70.90341111092363,73.77479069176938,66.98481737904336,71.05445391680247,71.05445391680247,80315,70.90341111092363,73.77479069176938,66.98481737904336,71.05445391680247,71.05445391680247,80315,70.90341111092363,73.77479069176938,66.98481737904336,71.05445391680247,71.05445391680247,80315
2025-07-20,175.23953551989487,183.16807971023326,166.28278774370708,178.5863618462862,178.5863618462862,81691,175.23953551989487,183.16807971023326,166.28278774370708,178.5863618462862,178.5863618462862,81691,175.23953551989487,183.16807971023326,166.28278774370708,178.5863618462862,178.5863618462862,81691
2025-07-21,197.66032710553282,203.43626076434438,195.61716327154312,198.08302312583564,198.08302312583564,34132,197.66032710553282,203.43626076434438,195.61716327154312,198.08302312583564,198.08302312583564,34132,197.66032710553282,203.43626076434438,195.61716327154312,198.08302312583564,198.08302312583564,34132
2025-07-22,128.85352734540288,135.1993515209059,123.7754767058151,128.26674029706703,128.26674029706703,90387,128.85352734540288,135.1993515209059,123.7754767058151,128.26674029706703,128.26674029706703,90387,128.85352734540288,135.1993515209059,123.7754767058151,128.26674029706703,128.26674029706703,90387
2025-07-23,75.75189287724552,83.73103447340446,71.55917626558531,74.44298152532643,74.44298152532643,16366,75.75189287724552,83.73103447340446,71.55917626558531,74.44298152532643,74.44298152532643,16366,75.75189287724552,83.73103447340446,71.55917626558531,74.44298152532643,74.44298152532643,16366
2025-07-24,90.84609897790534,94.8058037045299,90.66485856744805,91.0663880910962,91.0663880910962,94944,90.84609897790534,94.8058037045299,90.66485856744805,91.0663880910962,91.0663880910962,94944,90.84609897790534,94.8058037045299,90.66485856744805,91.0663880910962,91.0663880910962,94944
2025-07-25,52.758601482120014,61.90950216619045,44.83102034639189,47.888608911606745,47.888608911606745,73107,52.758601482120014,61.90950216619045,44.83102034639189,47.888608911606745,47.888608911606745,73107,52.758601482120014,61.90950216619045,44.83102034639189,47.888608911606745,47.888608911606745,73107
2025-07-26,187.14482098407484,192.47510965653623,186.45436192092885,191.25599280326276,191.25599280326276,63580,187.14482098407484,192.47510965653623,186.45436192092885,191.25599280326276,191.25599280326276,63580,187.14482098407484,192.47510965653623,186.45436192092885,191.25599280326276,191.25599280326276,63580
2025-07-27,67.66266243352118,69.24221066187465,62.920112223751644,67.2036235004608,67.2036235004608,58889,67.66266243352118,69.24221066187465,62.920112223751644,67.2036235004608,67.2036235004608,58889,67.66266243352118,69.24221066187465,62.920112223751644,67.2036235004608,67.2036235004608,58889
2025-07-28,136.47747132713803,143.43646250882605,130.87068837774854,137.74327309914614,137.74327309914614,80553,136.47747132713803,143.43646250882605,130.87068837774854,137.74327309914614,137.74327309914614,80553,136.47747132713803,143.43646250882605,130.87068837774854,137.74327309914614,137.74327309914614,80553
2025-07-29,91.10828310308091,99.04089660746345,84.82401853693504,91.57831333202472,91.57831333202472,40236,91.10828310308091,99.04089660746345,84.82401853693504,91.57831333202472,91.57831333202472,40236,91.10828310308091,99.04089660746345,84.82401853693504,91.57831333202472,91.57831333202472,40236
2025-07-30,133.126700377369,136.29431714804426,126.24038408429024,135.5144766278808,135.5144766278808,5150,133.126700377369,136.29431714804426,126.24038408429024,135.5144766278808,135.5144766278808,5150,133.126700377369,136.29431714804426,126.24038408429024,135.5144766278808,135.5144766278808,5150
2025-07-31,147.71305825277963,156.28485082276717,145.18033441755247,145.98802083839314,145.98802083839314,20423,147.71305825277963,156.28485082276717,145.18033441755247,145.98802083839314,145.98802083839314,20423,147.71305825277963,156.28485082276717,145.18033441755247,145.98802083839314,145.98802083839314,20423
2025-08-01,174.46127055608025,183.5227031037379,174.36148278949577,176.93212865992382,176.93212865992382,5137,174.46127055608025,183.5227031037379,174.36148278949577,176.93212865992382,176.93212865992382,5137,174.46127055608025,183.5227031037379,174.36148278949577,176.93212865992382,176.93212865992382,5137
2025-08-02,80.96319076409048,83.73223563786857,73.72875414054137,77.2293509839504,77.2293509839504,30992,80.96319076409048,83.73223563786857,73.72875414054137,77.2293509839504,77.2293509839504,30992,80.96319076409048,83.73223563786857,73.72875414054137,77.2293509839504,77.2293509839504,30992
2025-08-03,51.649374298772074,61.48458902592429,46.29280830529629,58.17924967459223,58.17924967459223,95438,51.649374298772074,61.48458902592429,46.29280830529629,58.17924967459223,58.17924967459223,95438,51.649374298772074,61.48458902592429,46.29280830529629,58.17924967459223,58.17924967459223,95438
2025-08-04,70.5328445103211,71.93995979080869,62.17166747824861,71.86684041248029,71.86684041248029,45921,70.5328445103211,71.93995979080869,62.17166747824861,71.86684041248029,71.86684041248029,45921,70.5328445103211,71.93995979080869,62.17166747824861,71.86684041248029,71.86684041248029,45921
2025-08-05,185.00279627721577,187.02295296124066,176.78891264820882,179.25194439839166,179.25194439839166,80369,185.00279627721577,187.02295296124066,176.78891264820882,179.25194439839166,179.25194439839166,80369,185.00279627721577,187.02295296124066,176.78891264820882,179.25194439839166,179.25194439839166,80369
2025-08-06,181.0835116343773,182.92576002675756,172.65024995649844,181.63420377292542,181.63420377292542,67917,181.0835116343773,182.92576002675756,172.65024995649844,181.63420377292542,181.63420377292542,67917,181.0835116343773,182.92576002675756,172.65024995649844,181.63420377292542,181.63420377292542,67917
2025-08-07,139.61196532554624,148.55186242562493,134.76101872575083,146.21600738842363,146.21600738842363,74690,139.61196532554624,148.55186242562493,134.76101872575083,146.21600738842363,146.21600738842363,74690,139.61196532554624,148.55186242562493,134.76101872575083,146.21600738842363,146.21600738842363,74690
2025-08-08,140.077529065048,146.6204545882976,136.74124510667934,138.96068259957758,138.96068259957758,35235,140.077529065048,146.6204545882976,136.74124510667934,138.96068259957758,138.96068259957758,35235,140.077529065048,146.6204545882976,136.74124510667934,138.96068259957758,138.96068259957758,35235
2025-08-09,149.7555011819383,151.27654401416103,141.83991915602462,145.60827090899636,145.60827090899636,79975,149.7555011819383,151.27654401416103,141.83991915602462,145.60827090899636,145.60827090899636,79975,149.7555011819383,151.27654401416103,141.83991915602462,145.60827090899636,145.60827090899636,79975
2025-08-10,76.30569179351744,80.70892597720093,71.7927506632249,75.44546578721659,75.44546578721659,20122,76.30569179351744,80.70892597720093,71.7927506632249,75.44546578721659,75.44546578721659,20122,76.30569179351744,80.70892597720093,71.7927506632249,75.44546578721659,75.44546578721659,20122
2025-08-11,187.16179188874398,193.314772139442,185.32736992470964,193.14081185899565,193.14081185899565,24956,187.16179188874398,193.314772139442,185.32736992470964,193.14081185899565,193.14081185899565,24956,187.16179188874398,193.314772139442,185.32736992470964,193.14081185899565,193.14081185899565,24956
2025-08-12,112.81557873381097,113.6502195837048,104.26583853819622,105.96339706878236,105.96339706878236,64879,112.81557873381097,113.6502195837048,104.26583853819622,105.96339706878236,105.96339706878236,64879,112.81557873381097,113.6502195837048,104.26583853819622,105.96339706878236,105.96339706878236,64879
2025-08-13,107.47077923742461,116.29494292149799,98.64518046970113,112.75012882116047,112.75012882116047,59560,107.47077923742461,116.29494292149799,98.64518046970113,112.75012882116047,112.75012882116047,59560,107.47077923742461,116.29494292149799,98.64518046970113,112.75012882116047,112.75012882116047,59560
2025-08-14,127.83765579242564,135.873691146841,123.17455823102394,127.41851592780591,127.41851592780591,83800,127.83765579242564,135.873691146841,123.17455823102394,127.41851592780591,127.41851592780591,83800,127.83765579242564,135.873691146841,123.17455823102394,127.41851592780591,127.41851592780591,83800
2025-08-15,57.04489501625826,62.09696275202464,56.287897743160386,60.5335710948252,60.5335710948252,69685,57.04489501625826,62.09696275202464,56.287897743160386,60.5335710948252,60.5335710948252,69685,57.04489501625826,62.09696275202464,56.287897743160386,60.5335710948252,60.5335710948252,69685
2025-08-16,74.94250531341191,84.61377146600361,71.06424441424261,76.755194878984,76.755194878984,25660,74.94250531341191,84.61377146600361,71.06424441424261,76.755194878984,76.755194878984,25660,74.94250531341191,84.61377146600361,71.06424441424261,76.755194878984,76.755194878984,25660
2025-08-17,160.70504246395558,164.88265225670656,152.66966586932955,159.73316578327845,159.73316578327845,87064,160.70504246395558,164.88265225670656,152.66966586932955,159.73316578327845,159.73316578327845,87064,160.70504246395558,164.88265225670656,152.66966586932955,159.73316578327845,159.73316578327845,87064
2025-08-18,62.419800188768974,72.26090337913395,53.402059903306686,69.10415501259516,69.10415501259516,2168,62.419800188768974,72.26090337913395,53.402059903306686,69.10415501259516,69.10415501259516,2168,62.419800188768974,72.26090337913395,53.402059903306686,69.10415501259516,69.10415501259516,2168
2025-08-19,140.47281641995824,147.1520164079945,138.43808899498228,145.4455293562958,145.4455293562958,46124,140.47281641995824,147.1520164079945,138.43808899498228,145.4455293562958,145.4455293562958,46124,140.47281641995824,147.1520164079945,138.43808899498228,145.4455293562958,145.4455293562958,46124
2025-08-20,86.80236645219814,93.14907918473756,86.13263033194542,92.21184428412506,92.21184428412506,36897,86.80236645219814,93.14907918473756,86.13263033194542,92.21184428412506,92.21184428412506,36897,86.80236645219814,93.14907918473756,86.13263033194542,92.21184428412506,92.21184428412506,36897
2025-08-21,108.39434210629648,110.05389105925433,99.62083757496809,100.24282831887902,100.24282831887902,16032,108.39434210629648,110.05389105925433,99.62083757496809,100.24282831887902,100.24282831887902,16032,108.39434210629648,110.05389105925433,99.62083757496809,100.24282831887902,100.24282831887902,16032
2025-08-22,93.30406051560499,102.12333809865143,89.41001112581624,98.20827608834193,98.20827608834193,53797,93.30406051560499,102.12333809865143,89.41001112581624,98.20827608834193,98.20827608834193,53797,93.30406051560499,102.12333809865143,89.41001112581624,98.20827608834193,98.20827608834193,53797
2025-08-23,103.35090746974237,107.62580434894852,97.93329782706674,99.29012638892355,99.29012638892355,36294,103.35090746974237,107.62580434894852,97.93329782706674,99.29012638892355,99.29012638892355,36294,103.35090746974237,107.62580434894852,97.93329782706674,99.29012638892355,99.29012638892355,36294
2025-08-24,157.85688577763682,159.4792198354616,148.17622765712923,152.8762216790467,152.8762216790467,44827,157.85688577763682,159.4792198354616,148.17622765712923,152.8762216790467,152.8762216790467,44827,157.85688577763682,159.4792198354616,148.17622765712923,152.8762216790467,152.8762216790467,44827
2025-08-25,94.56825734347626,94.69433254323386,93.90261006433403,94.33693984419685,94.33693984419685,4516,94.56825734347626,94.69433254323386,93.90261006433403,94.33693984419685,94.33693984419685,4516,94.56825734347626,94.69433254323386,93.90261006433403,94.33693984419685,94.33693984419685,4516
2025-08-26,134.9606960445346,140.55825288091842,128.47751597001363,133.34290572887343,133.34290572887343,20751,134.9606960445346,140.55825288091842,128.47751597001363,133.34290572887343,133.34290572887343,20751,134.9606960445346,140.55825288091842,128.47751597001363,133.34290572887343,133.34290572887343,20751
2025-08-27,121.40756032986495,126.68155655109172,120.66650610411628,123.79199654690882,123.79199654690882,31373,121.40756032986495,126.68155655109172,120.66650610411628,123.79199654690882,123.79199654690882,31373,121.40756032986495,126.68155655109172,120.66650610411628,123.79199654690882,123.79199654690882,31373
2025-08-28,149.5506748043972,156.74421102808878,145.7959855197322,156.70618027346967,156.70618027346967,31270,149.5506748043972,156.74421102808878,145.7959855197322,156.70618027346967,156.70618027346967,31270,149.5506748043972,156.74421102808878,145.7959855197322,156.70618027346967,156.70618027346967,31270
2025-08-29,190.5244608987137,199.42704142889173,182.48631544677923,184.77699490642604,184.77699490642604,11386,190.5244608987137,199.42704142889173,182.48631544677923,184.77699490642604,184.77699490642604,11386,190.5244608987137,199.42704142889173,182.48631544677923,184.77699490642604,184.77699490642604,11386
2025-08-30,159.88581458153755,160.67988042796784,155.5510922539812,159.01536323135045,159.01536323135045,65817,159.88581458153755,160.67988042796784,155.5510922539812,159.01536323135045,159.01536323135045,65817,159.88581458153755,160.67988042796784,155.5510922539812,159.01536323135045,159.01536323135045,65817
2025-08-31,82.24105678861352,89.55602169201714,72.26923324958402,79.11481817849122,79.11481817849122,66184,82.24105678861352,89.55602169201714,72.26923324958402,79.11481817849122,79.11481817849122,66184,82.24105678861352,89.55602169201714,72.26923324958402,79.11481817849122,79.11481817849122,66184
2025-09-01,54.6774702591927,56.55158970016853,49.08687740972668,50.07975729037942,50.07975729037942,80693,54.6774702591927,56.55158970016853,49.08687740972668,50.07975729037942,50.07975729037942,80693,54.6774702591927,56.55158970016853,49.08687740972668,50.07975729037942,50.07975729037942,80693
2025-09-02,89.33960664497377,97.9213771765454,86.12798511861423,88.00003000309451,88.00003000309451,38879,89.33960664497377,97.9213771765454,86.12798511861423,88.00003000309451,88.00003000309451,38879,89.33960664497377,97.9213771765454,86.12798511861423,88.00003000309451,88.00003000309451,38879
2025-09-03,139.2616896050382,147.45232474365477,137.06057634599068,146.92518362676418,146.92518362676418,50597,139.2616896050382,147.45232474365477,137.06057634599068,146.92518362676418,146.92518362676418,50597,139.2616896050382,147.45232474365477,137.06057634599068,146.92518362676418,146.92518362676418,50597
2025-09-04,57.71387202263755,63.12180957249299,54.20866667977593,62.04868050861566,62.04868050861566,40132,57.71387202263755,63.12180957249299,54.20866667977593,62.04868050861566,62.04868050861566,40132,57.71387202263755,63.12180957249299,54.20866667977593,62.04868050861566,62.04868050861566,40132
2025-09-05,124.45493708018545,131.55736506641855,120.72960434258994,130.55083765643622,130.55083765643622,4626,124.45493708018545,131.55736506641855,120.72960434258994,130.55083765643622,130.55083765643622,4626,124.45493708018545,131.55736506641855,120.72960434258994,130.55083765643622,130.55083765643622,4626
2025-09-06,139.5264273375334,142.6699284693709,138.8392905602938,142.63749359947062,142.63749359947062,86936,139.5264273375334,142.6699284693709,138.8392905602938,142.63749359947062,142.63749359947062,86936,139.5264273375334,142.6699284693709,138.8392905602938,142.63749359947062,142.63749359947062,86936
2025-09-07,100.13658362254412,104.84826261187227,96.44084162827639,98.19223680943996,98.19223680943996,82515,100.13658362254412,104.84826261187227,96.44084162827639,98.19223680943996,98.19223680943996,82515,100.13658362254412,104.84826261187227,96.44084162827639,98.19223680943996,98.19223680943996,82515
2025-09-08,165.6368305618733,173.853199538978,160.99444536448104,165.5649524275916,165.5649524275916,78065,165.6368305618733,173.853199538978,160.99444536448104,165.5649524275916,165.5649524275916,78065,165.6368305618733,173.853199538978,160.99444536448104,165.5649524275916,165.5649524275916,78065
2025-09-09,65.98973797006578,70.58238994179791,58.76236044767773,66.67254911941615,66.67254911941615,56390,65.98973797006578,70.58238994179791,58.76236044767773,66.67254911941615,66.67254911941615,56390,65.98973797006578,70.58238994179791,58.76236044767773,66.67254911941615,66.67254911941615,56390
2025-09-10,61.27066726037131,64.84864991362574,54.70337241315523,59.611683435473935,59.611683435473935,17645,61.27066726037131,64.84864991362574,54.70337241315523,59.611683435473935,59.611683435473935,17645,61.27066726037131,64.84864991362574,54.70337241315523,59.611683435473935,59.611683435473935,17645
2025-09-11,159.22831343054048,164.17043790304348,152.14065687824893,157.17379134785625,157.17379134785625,92960,159.22831343054048,164.17043790304348,152.14065687824893,157.17379134785625,157.17379134785625,92960,159.22831343054048,164.17043790304348,152.14065687824893,157.17379134785625,157.17379134785625,92960
2025-09-12,124.32369743092977,132.60618995530194,124.2400606121612,127.23355580453355,127.23355580453355,55144,124.32369743092977,132.60618995530194,124.2400606121612,127.23355580453355,127.23355580453355,55144,124.32369743092977,132.60618995530194,124.2400606121612,127.23355580453355,127.23355580453355,55144
2025-09-13,153.2603594641604,156.6124399378691,151.08368546835501,154.36655279112327,154.36655279112327,14382,153.2603594641604,156.6124399378691,151.08368546835501,154.36655279112327,154.36655279112327,14382,153.2603594641604,156.6124399378691,151.08368546835501,154.36655279112327,154.36655279112327,14382
2025-09-14,115.22410079056193,116.96171672191937,108.60725790656338,113.41602950052649,113.41602950052649,5025,115.22410079056193,116.96171672191937,108.60725790656338,113.41602950052649,113.41602950052649,5025,115.22410079056193,116.96171672191937,108.60725790656338,113.41602950052649,113.41602950052649,5025
2025-09-15,86.96030498586603,94.08044518917384,82.12041130406855,84.05145247049258,84.05145247049258,44226,86.96030498586603,94.08044518917384,82.12041130406855,84.05145247049258,84.05145247049258,44226,86.96030498586603,94.08044518917384,82.12041130406855,84.05145247049258,84.05145247049258,44226
2025-09-16,172.86534765112995,181.12512977821078,172.8122128944465,176.73374695449775,176.73374695449775,80380,172.86534765112995,181.12512977821078,172.8122128944465,176.73374695449775,176.73374695449775,80380,172.86534765112995,181.12512977821078,172.8122128944465,176.73374695449775,176.73374695449775,80380
2025-09-17,169.91238184534689,170.9187566305822,161.86743542102866,166.87708624792614,166.87708624792614,70711,169.91238184534689,170.9187566305822,161.86743542102866,166.87708624792614,166.87708624792614,70711,169.91238184534689,170.9187566305822,161.86743542102866,166.87708624792614,166.87708624792614,70711
2025-09-18,154.20447062816402,156.60321175572346,146.47637489526065,152.2515776874462,152.2515776874462,97055,154.20447062816402,156.60321175572346,146.47637489526065,152.2515776874462,152.2515776874462,97055,154.20447062816402,156.60321175572346,146.47637489526065,152.2515776874462,152.2515776874462,97055
2025-09-19,90.8217705844944,92.24149048210434,85.33757895455878,86.78814042572661,86.78814042572661,75710,90.8217705844944,92.24149048210434,85.33757895455878,86.78814042572661,86.78814042572661,75710,90.8217705844944,92.24149048210434,85.33757895455878,86.78814042572661,86.78814042572661,75710
2025-09-20,138.53460003036307,142.01401414618473,137.86996677260035,140.94597458615027,140.94597458615027,4443,138.53460003036307,142.01401414618473,137.86996677260035,140.94597458615027,140.94597458615027,4443,138.53460003036307,142.01401414618473,137.86996677260035,140.94597458615027,140.94597458615027,4443
2025-09-21,104.14608454100403,108.64959433005815,96.48093404567818,96.78757327002965,96.78757327002965,22395,104.14608454100403,108.64959433005815,96.48093404567818,96.78757327002965,96.78757327002965,22395,104.14608454100403,108.64959433005815,96.48093404567818,96.78757327002965,96.78757327002965,22395
2025-09-22,63.73731099899512,71.22557436862819,57.90017512168148,62.628451262329044,62.628451262329044,11725,63.73731099899512,71.22557436862819,57.90017512168148,62.628451262329044,62.628451262329044,11725,63.73731099899512,71.22557436862819,57.90017512168148,62.628451262329044,62.628451262329044,11725
2025-09-23,187.5970363193364,194.10851216815314,179.77743654775682,190.95872301391069,190.95872301391069,34461,187.5970363193364,194.10851216815314,179.77743654775682,190.95872301391069,190.95872301391069,34461,187.5970363193364,194.10851216815314,179.77743654775682,190.95872301391069,190.95872301391069,34461
2025-09-24,70.52279463784421,76.73208031262853,63.00532471388581,70.74574502507444,70.74574502507444,42115,70.52279463784421,76.73208031262853,63.00532471388581,70.74574502507444,70.74574502507444,42115,70.52279463784421,76.73208031262853,63.00532471388581,70.74574502507444,70.74574502507444,42115
2025-09-25,192.53560307312037,196.05935253921692,184.505582353542,187.52299307990432,187.52299307990432,97887,192.53560307312037,196.05935253921692,184.505582353542,187.52299307990432,187.52299307990432,97887,192.53560307312037,196.05935253921692,184.505582353542,187.52299307990432,187.52299307990432,97887
2025-09-26,116.90086594369336,125.31534147454096,111.72078527964712,121.16836451337295,121.16836451337295,84732,116.90086594369336,125.31534147454096,111.72078527964712,121.16836451337295,121.16836451337295,84732,116.90086594369336,125.31534147454096,111.72078527964712,121.16836451337295,121.16836451337295,84732
2025-09-27,77.76993932579295,82.48281099977459,76.3666941438578,79.8369234613053,79.8369234613053,80790,77.76993932579295,82.48281099977459,76.3666941438578,79.8369234613053,79.8369234613053,80790,77.76993932579295,82.48281099977459,76.3666941438578,79.8369234613053,79.8369234613053,80790
2025-09-28,131.2851421067537,141.07619148690526,124.57356737295683,137.71367636294914,137.71367636294914,80557,131.2851421067537,141.07619148690526,124.57356737295683,137.71367636294914,137.71367636294914,80557,131.2851421067537,141.07619148690526,124.57356737295683,137.71367636294914,137.71367636294914,80557
2025-09-29,180.94187538146124,187.28329676441862,174.73713753094154,183.9588805574952,183.9588805574952,72260,180.94187538146124,187.28329676441862,174.73713753094154,183.9588805574952,183.9588805574952,72260,180.94187538146124,187.28329676441862,174.73713753094154,183.9588805574952,183.9588805574952,72260
2025-09-30,159.83373296143418,161.0963803770792,152.4112010894433,157.710097777135,157.710097777135,29690,159.83373296143418,161.0963803770792,152.4112010894433,157.710097777135,157.710097777135,29690,159.83373296143418,161.0963803770792,152.4112010894433,157.710097777135,157.710097777135,29690
2025-10-01,170.98417217921747,177.74594779997182,169.2853621187101,173.4156311683564,173.4156311683564,2407,170.98417217921747,177.74594779997182,169.2853621187101,173.4156311683564,173.4156311683564,2407,170.98417217921747,177.74594779997182,169.2853621187101,173.4156311683564,173.4156311683564,2407
2025-10-02,148.8175050066076,152.0685451609246,146.8677530076047,147.56040556173883,147.56040556173883,74568,148.8175050066076,152.0685451609246,146.8677530076047,147.56040556173883,147.56040556173883,74568,148.8175050066076,152.0685451609246,146.8677530076047,147.56040556173883,147.56040556173883,74568
2025-10-03,153.84148467767787,160.70475664453883,144.9373895054846,149.05792314404047,149.05792314404047,59560,153.84148467767787,160.70475664453883,144.9373895054846,149.05792314404047,149.05792314404047,59560,153.84148467767787,160.70475664453883,144.9373895054846,149.05792314404047,149.05792314404047,59560
2025-10-04,177.37934773479788,178.07575921642194,169.87956975027717,173.31458843546702,173.31458843546702,48340,177.37934773479788,178.07575921642194,169.87956975027717,173.31458843546702,173.31458843546702,48340,177.37934773479788,178.07575921642194,169.87956975027717,173.31458843546702,173.31458843546702,48340
2025-10-05,87.45020132887788,89.19901570063747,78.36791644187466,84.85898650514663,84.85898650514663,18794,87.45020132887788,89.19901570063747,78.36791644187466,84.85898650514663,84.85898650514663,18794,87.45020132887788,89.19901570063747,78.36791644187466,84.85898650514663,84.85898650514663,18794
2025-10-06,123.41374454647107,131.9711171355289,115.82659133483186,124.1201610573761,124.1201610573761,20881,123.41374454647107,131.9711171355289,115.82659133483186,124.1201610573761,124.1201610573761,20881,123.41374454647107,131.9711171355289,115.82659133483186,124.1201610573761,124.1201610573761,20881
2025-10-07,83.18141627294034,85.4532118431755,77.20986321303732,79.58546873033283,79.58546873033283,87292,83.18141627294034,85.4532118431755,77.20986321303732,79.58546873033283,79.58546873033283,87292,83.18141627294034,85.4532118431755,77.20986321303732,79.58546873033283,79.58546873033283,87292
2025-10-08,198.15020119949705,206.52061245192644,191.6088738292183,191.70526864294214,191.70526864294214,95952,198.15020119949705,206.52061245192644,191.6088738292183,191.70526864294214,191.70526864294214,95952,198.15020119949705,206.52061245192644,191.6088738292183,191.70526864294214,191.70526864294214,95952
2025-10-09,191.608900952992,194.4016618375361,182.7176217135919,188.51570069335585,188.51570069335585,50703,191.608900952992,194.4016618375361,182.7176217135919,188.51570069335585,188.51570069335585,50703,191.608900952992,194.4016618375361,182.7176217135919,188.51570069335585,188.51570069335585,50703
2025-10-10,55.914021705275886,62.34284080586296,50.12595416015648,53.61541448548926,53.61541448548926,45354,55.914021705275886,62.34284080586296,50.12595416015648,53.61541448548926,53.61541448548926,45354,55.914021705275886,62.34284080586296,50.12595416015648,53.61541448548926,53.61541448548926,45354
2025-10-11,155.83627587735327,162.77778161245158,149.5123626340694,159.257249527992,159.257249527992,92288,155.83627587735327,162.77778161245158,149.5123626340694,159.257249527992,159.257249527992,92288,155.83627587735327,162.77778161245158,149.5123626340694,159.257249527992,159.257249527992,92288
2025-10-12,188.7872476123499,193.91379514380043,187.22248045231387,187.3827124489245,187.3827124489245,79462,188.7872476123499,193.91379514380043,187.22248045231387,187.3827124489245,187.3827124489245,79462,188.7872476123499,193.91379514380043,187.22248045231387,187.3827124489245,187.3827124489245,79462
2025-10-13,77.08630176910003,80.13940853606735,72.34708956793901,76.9042544150661,76.9042544150661,15390,77.08630176910003,80.13940853606735,72.34708956793901,76.9042544150661,76.9042544150661,15390,77.08630176910003,80.13940853606735,72.34708956793901,76.9042544150661,76.9042544150661,15390
2025-10-14,135.1917845828944,137.31822834660537,128.0278134633134,136.77449973167572,136.77449973167572,88475,135.1917845828944,137.31822834660537,128.0278134633134,136.77449973167572,136.77449973167572,88475,135.1917845828944,137.31822834660537,128.0278134633134,136.77449973167572,136.77449973167572,88475
2025-10-15,187.3232446382063,187.65513818383056,184.61381765504262,185.1442521395197,185.1442521395197,28307,187.3232446382063,187.65513818383056,184.61381765504262,185.1442521395197,185.1442521395197,28307,187.3232446382063,187.65513818383056,184.61381765504262,185.1442521395197,185.1442521395197,28307
2025-10-16,55.09189678786983,58.131360800277065,53.06935498262448,55.45684744869688,55.45684744869688,97364,55.09189678786983,58.131360800277065,53.06935498262448,55.45684744869688,55.45684744869688,97364,55.09189678786983,58.131360800277065,53.06935498262448,55.45684744869688,55.45684744869688,97364
2025-10-17,154.61304008702598,161.1446679923388,151.4747720047818,152.35881315662883,152.35881315662883,95049,154.61304008702598,161.1446679923388,151.4747720047818,152.35881315662883,152.35881315662883,95049,154.61304008702598,161.1446679923388,151.4747720047818,152.35881315662883,152.35881315662883,95049
2025-10-18,94.6023511058826,103.98539929036743,92.18734482595427,99.56917410421188,99.56917410421188,25502,94.6023511058826,103.98539929036743,92.18734482595427,99.56917410421188,99.56917410421188,25502,94.6023511058826,103.98539929036743,92.18734482595427,99.56917410421188,99.56917410421188,25502
2025-10-19,188.65942930647955,197.37147412911008,186.5103029361156,192.48972176623818,192.48972176623818,96599,188.65942930647955,197.37147412911008,186.5103029361156,192.48972176623818,192.48972176623818,96599,188.65942930647955,197.37147412911008,186.5103029361156,192.48972176623818,192.48972176623818,96599
2025-10-20,195.65873677480516,203.31938454015818,191.41022834612428,196.2616080020394,196.2616080020394,23486,195.65873677480516,203.31938454015818,191.41022834612428,196.2616080020394,196.2616080020394,23486,195.65873677480516,203.31938454015818,191.41022834612428,196.2616080020394,196.2616080020394,23486
2025-10-21,191.63997336701507,199.52444679954806,182.56158822817974,191.40563290580008,191.40563290580008,39258,191.63997336701507,199.52444679954806,182.56158822817974,191.40563290580008,191.40563290580008,39258,191.63997336701507,199.52444679954806,182.56158822817974,191.40563290580008,191.40563290580008,39258
2025-10-22,121.13213249861957,127.78198153337952,116.06153603123238,126.5697904544246,126.5697904544246,58716,121.13213249861957,127.78198153337952,116.06153603123238,126.5697904544246,126.5697904544246,58716,121.13213249861957,127.78198153337952,116.06153603123238,126.5697904544246,126.5697904544246,58716
2025-10-23,179.30639764839702,181.90926622405706,177.4271938402438,178.30699911173213,178.30699911173213,98228,179.30639764839702,181.90926622405706,177.4271938402438,178.30699911173213,178.30699911173213,98228,179.30639764839702,181.90926622405706,177.4271938402438,178.30699911173213,178.30699911173213,98228
2025-10-24,176.68240978026057,185.75436008731887,175.91269308645184,176.13476549669303,176.13476549669303,82494,176.68240978026057,185.75436008731887,175.91269308645184,176.13476549669303,176.13476549669303,82494,176.68240978026057,185.75436008731887,175.91269308645184,176.13476549669303,176.13476549669303,82494
2025-10-25,97.86507098648835,104.57239410554669,90.9035095351091,102.68150738246052,102.68150738246052,83768,97.86507098648835,104.57239410554669,90.9035095351091,102.68150738246052,102.68150738246052,83768,97.86507098648835,104.57239410554669,90.9035095351091,102.68150738246052,102.68150738246052,83768
2025-10-26,174.33732112260162,179.94172743240603,170.50933347823775,175.95292915700068,175.95292915700068,11748,174.33732112260162,179.94172743240603,170.50933347823775,175.95292915700068,175.95292915700068,11748,174.33732112260162,179.94172743240603,170.50933347823775,175.95292915700068,175.95292915700068,11748
2025-10-27,55.55114520732389,56.6610398994587,47.3328357414703,55.641079649056984,55.641079649056984,63785,55.55114520732389,56.6610398994587,47.3328357414703,55.641079649056984,55.641079649056984,63785,55.55114520732389,56.6610398994587,47.3328357414703,55.641079649056984,55.641079649056984,63785
2025-10-28,139.44048177230798,143.91103721037223,132.84537408590026,139.45096883195308,139.45096883195308,77050,139.44048177230798,143.91103721037223,132.84537408590026,139.45096883195308,139.45096883195308,77050,139.44048177230798,143.91103721037223,132.84537408590026,139.45096883195308,139.45096883195308,77050
2025-10-29,84.50132559315546,89.10490830517472,76.53891108774177,86.71939308984784,86.71939308984784,23738,84.50132559315546,89.10490830517472,76.53891108774177,86.71939308984784,86.71939308984784,23738,84.50132559315546,89.10490830517472,76.53891108774177,86.71939308984784,86.71939308984784,23738
2025-10-30,68.08503286659182,76.73066896181851,65.36557247240734,70.24885170586842,70.24885170586842,75231,68.08503286659182,76.73066896181851,65.36557247240734,70.24885170586842,70.24885170586842,75231,68.08503286659182,76.73066896181851,65.36557247240734,70.24885170586842,70.24885170586842,75231
2025-10-31,61.542980244381376,67.00946244625926,54.619391019770795,63.910209128294184,63.910209128294184,74606,61.542980244381376,67.00946244625926,54.619391019770795,63.910209128294184,63.910209128294184,74606,61.542980244381376,67.00946244625926,54.619391019770795,63.910209128294184,63.910209128294184,74606
2025-11-01,154.44331638172096,158.24732187142507,151.80269653478376,157.68690670570626,157.68690670570626,94301,154.44331638172096,158.24732187142507,151.80269653478376,157.68690670570626,157.68690670570626,94301,154.44331638172096,158.24732187142507,151.80269653478376,157.68690670570626,157.68690670570626,94301
2025-11-02,100.98124456520992,110.74924785031651,91.590559770707,102.5516851758425,102.5516851758425,42662,100.98124456520992,110.74924785031651,91.590559770707,102.5516851758425,102.5516851758425,42662,100.98124456520992,110.74924785031651,91.590559770707,102.5516851758425,102.5516851758425,42662
2025-11-03,158.71501572931422,159.82222166257736,152.35127291398047,153.70190950833938,153.70190950833938,97297,158.71501572931422,159.82222166257736,152.35127291398047,153.70190950833938,153.70190950833938,97297,158.71501572931422,159.82222166257736,152.35127291398047,153.70190950833938,153.70190950833938,97297
2025-11-04,59.803451119841355,64.0289354029608,56.55833311808794,58.566413195100914,58.566413195100914,83234,59.803451119841355,64.0289354029608,56.55833311808794,58.566413195100914,58.566413195100914,83234,59.803451119841355,64.0289354029608,56.55833311808794,58.566413195100914,58.566413195100914,83234
2025-11-05,97.29355067459156,97.7137974263056,94.59843205166884,95.21728248839439,95.21728248839439,16123,97.29355067459156,97.7137974263056,94.59843205166884,95.21728248839439,95.21728248839439,16123,97.29355067459156,97.7137974263056,94.59843205166884,95.21728248839439,95.21728248839439,16123
2025-11-06,130.9236938563006,138.3227350639699,129.01442800558416,131.31224901796566,131.31224901796566,26616,130.9236938563006,138.3227350639699,129.01442800558416,131.31224901796566,131.31224901796566,26616,130.9236938563006,138.3227350639699,129.01442800558416,131.31224901796566,131.31224901796566,26616
2025-11-07,168.60847472584453,177.78924024783603,161.66206513690724,166.60368074528535,166.60368074528535,12182,168.60847472584453,177.78924024783603,161.66206513690724,166.60368074528535,166.60368074528535,12182,168.60847472584453,177.78924024783603,161.66206513690724,166.60368074528535,166.60368074528535,12182
2025-11-08,97.81287543981048,100.61324873531538,95.62571930983121,98.39446540634319,98.39446540634319,91369,97.81287543981048,100.61324873531538,95.62571930983121,98.39446540634319,98.39446540634319,91369,97.81287543981048,100.61324873531538,95.62571930983121,98.39446540634319,98.39446540634319,91369
2025-11-09,143.88370646555137,152.46712323354257,137.93067380627647,146.47798439163327,146.47798439163327,99878,143.88370646555137,152.46712323354257,137.93067380627647,146.47798439163327,146.47798439163327,99878,143.88370646555137,152.46712323354257,137.93067380627647,146.47798439163327,146.47798439163327,99878
2025-11-10,182.89666223542807,185.81884454004705,180.2503119661745,182.62528970143921,182.62528970143921,63013,182.89666223542807,185.81884454004705,180.2503119661745,182.62528970143921,182.62528970143921,63013,182.89666223542807,185.81884454004705,180.2503119661745,182.62528970143921,182.62528970143921,63013
2025-11-11,142.3794782273457,151.48717984378484,135.759788779407,145.43875205279366,145.43875205279366,32331,142.3794782273457,151.48717984378484,135.759788779407,145.43875205279366,145.43875205279366,32331,142.3794782273457,151.48717984378484,135.759788779407,145.43875205279366,145.43875205279366,32331
2025-11-12,84.94392121304506,92.4835402490129,76.79452392763966,78.07435426697118,78.07435426697118,47098,84.94392121304506,92.4835402490129,76.79452392763966,78.07435426697118,78.07435426697118,47098,84.94392121304506,92.4835402490129,76.79452392763966,78.07435426697118,78.07435426697118,47098
2025-11-13,53.660117233480705,61.709185001895094,45.87986480203417,47.26949291620908,47.26949291620908,27128,53.660117233480705,61.709185001895094,45.87986480203417,47.26949291620908,47.26949291620908,27128,53.660117233480705,61.709185001895094,45.87986480203417,47.26949291620908,47.26949291620908,27128
2025-11-14,180.5148310851395,180.69489664114403,172.90631777583167,174.24462507921135,174.24462507921135,32556,180.5148310851395,180.69489664114403,172.90631777583167,174.24462507921135,174.24462507921135,32556,180.5148310851395,180.69489664114403,172.90631777583167,174.24462507921135,174.24462507921135,32556
2025-11-15,53.19041162755807,62.81851519829833,51.31318757063555,57.27383892210953,57.27383892210953,88505,53.19041162755807,62.81851519829833,51.31318757063555,57.27383892210953,57.27383892210953,88505,53.19041162755807,62.81851519829833,51.31318757063555,57.27383892210953,57.27383892210953,88505
2025-11-16,181.2052509026299,188.47196082333312,180.3214014327847,182.06557777077663,182.06557777077663,22876,181.2052509026299,188.47196082333312,180.3214014327847,182.06557777077663,182.06557777077663,22876,181.2052509026299,188.47196082333312,180.3214014327847,182.06557777077663,182.06557777077663,22876
2025-11-17,129.3405701040818,132.3880810579431,122.35108181920793,125.19440716140848,125.19440716140848,9949,129.3405701040818,132.3880810579431,122.35108181920793,125.19440716140848,125.19440716140848,9949,129.3405701040818,132.3880810579431,122.35108181920793,125.19440716140848,125.19440716140848,9949
2025-11-18,190.86015477693442,199.1541014255229,187.1766826389909,191.97139712345924,191.97139712345924,52962,190.86015477693442,199.1541014255229,187.1766826389909,191.97139712345924,191.97139712345924,52962,190.86015477693442,199.1541014255229,187.1766826389909,191.97139712345924,191.97139712345924,52962
2025-11-19,169.81748536604982,172.63269735019912,165.49402310201634,171.2896708944612,171.2896708944612,91054,169.81748536604982,172.63269735019912,165.49402310201634,171.2896708944612,171.2896708944612,91054,169.81748536604982,172.63269735019912,165.49402310201634,171.2896708944612,171.2896708944612,91054
2025-11-20,199.69011658000062,208.4176549756619,199.37862565206672,199.50392590507073,199.50392590507073,72206,199.69011658000062,208.4176549756619,199.37862565206672,199.50392590507073,199.50392590507073,72206,199.69011658000062,208.4176549756619,199.37862565206672,199.50392590507073,199.50392590507073,72206
2025-11-21,102.60677231775652,103.73257622187589,100.01100782500603,102.42771551999527,102.42771551999527,25099,102.60677231775652,103.73257622187589,100.01100782500603,102.42771551999527,102.42771551999527,25099,102.60677231775652,103.73257622187589,100.01100782500603,102.42771551999527,102.42771551999527,25099
2025-11-22,165.07824333966903,172.115103114277,164.7414793009244,169.67352321839866,169.67352321839866,13716,165.07824333966903,172.115103114277,164.7414793009244,169.67352321839866,169.67352321839866,13716,165.07824333966903,172.115103114277,164.7414793009244,169.67352321839866,169.67352321839866,13716
2025-11-23,110.28963704138633,115.69662180783543,101.49777931537385,112.83776694635172,112.83776694635172,53611,110.28963704138633,115.69662180783543,101.49777931537385,112.83776694635172,112.83776694635172,53611,110.28963704138633,115.69662180783543,101.49777931537385,112.83776694635172,112.83776694635172,53611
2025-11-24,121.98134304558633,122.94668774754074,119.54737621340102,122.71809403765147,122.71809403765147,39885,121.98134304558633,122.94668774754074,119.54737621340102,122.71809403765147,122.71809403765147,39885,121.98134304558633,122.94668774754074,119.54737621340102,122.71809403765147,122.71809403765147,39885
2025-11-25,144.1258194827555,146.5447577653439,138.55244778702541,138.7133957181247,138.7133957181247,54144,144.1258194827555,146.5447577653439,138.55244778702541,138.7133957181247,138.7133957181247,54144,144.1258194827555,146.5447577653439,138.55244778702541,138.7133957181247,138.7133957181247,54144
2025-11-26,181.05156712795082,181.17560749072396,180.66177392133952,180.74079315165653,180.74079315165653,66220,181.05156712795082,181.17560749072396,180.66177392133952,180.74079315165653,180.74079315165653,66220,181.05156712795082,181.17560749072396,180.66177392133952,180.74079315165653,180.74079315165653,66220
2025-11-27,197.61252037989428,202.30020003453933,190.9440464668377,201.00754376942643,201.00754376942643,8837,197.61252037989428,202.30020003453933,190.9440464668377,201.00754376942643,201.00754376942643,8837,197.61252037989428,202.30020003453933,190.9440464668377,201.00754376942643,201.00754376942643,8837
2025-11-28,165.24101207967772,168.25366468727773,162.01073862213678,164.87323610536507,164.87323610536507,50355,165.24101207967772,168.25366468727773,162.01073862213678,164.87323610536507,164.87323610536507,50355,165.24101207967772,168.25366468727773,162.01073862213678,164.87323610536507,164.87323610536507,50355
2025-11-29,112.66501732510007,118.64859216807766,103.68582545552341,112.13366347397677,112.13366347397677,48299,112.66501732510007,118.64859216807766,103.68582545552341,112.13366347397677,112.13366347397677,48299,112.66501732510007,118.64859216807766,103.68582545552341,112.13366347397677,112.13366347397677,48299
2025-11-30,113.20355034156053,116.1759284186467,104.32236845222018,112.18160117092461,112.18160117092461,20159,113.20355034156053,116.1759284186467,104.32236845222018,112.18160117092461,112.18160117092461,20159,113.20355034156053,116.1759284186467,104.32236845222018,112.18160117092461,112.18160117092461,20159
2025-12-01,160.63734523833372,163.63653635340356,157.38443905471624,161.6300295383122,161.6300295383122,52012,160.63734523833372,163.63653635340356,157.38443905471624,161.6300295383122,161.6300295383122,52012,160.63734523833372,163.63653635340356,157.38443905471624,161.6300295383122,161.6300295383122,52012
2025-12-02,85.81657186524535,93.24850385256138,76.80696290834067,92.12621089885376,92.12621089885376,60305,85.81657186524535,93.24850385256138,76.80696290834067,92.12621089885376,92.12621089885376,60305,85.81657186524535,93.24850385256138,76.80696290834067,92.12621089885376,92.12621089885376,60305
2025-12-03,66.5711169697092,67.05254532949273,56.60954023472141,67.02068807998077,67.02068807998077,88096,66.5711169697092,67.05254532949273,56.60954023472141,67.02068807998077,67.02068807998077,88096,66.5711169697092,67.05254532949273,56.60954023472141,67.02068807998077,67.02068807998077,88096
2025-12-04,103.19332364611648,112.22227359803635,94.939167004877,107.38572516600543,107.38572516600543,18106,103.19332364611648,112.22227359803635,94.939167004877,107.38572516600543,107.38572516600543,18106,103.19332364611648,112.22227359803635,94.939167004877,107.38572516600543,107.38572516600543,18106
2025-12-05,93.08584874811226,101.60848749202407,84.63713527055997,89.51166757745541,89.51166757745541,59123,93.08584874811226,101.60848749202407,84.63713527055997,89.51166757745541,89.51166757745541,59123,93.08584874811226,101.60848749202407,84.63713527055997,89.51166757745541,89.51166757745541,59123
2025-12-06,94.44621806839851,101.12426490066257,91.95613070730761,100.02181878846855,100.02181878846855,9720,94.44621806839851,101.12426490066257,91.95613070730761,100.02181878846855,100.02181878846855,9720,94.44621806839851,101.12426490066257,91.95613070730761,100.02181878846855,100.02181878846855,9720
2025-12-07,85.0411626574865,90.97337835856034,79.27413866890893,79.84998594586516,79.84998594586516,38661,85.0411626574865,90.97337835856034,79.27413866890893,79.84998594586516,79.84998594586516,38661,85.0411626574865,90.97337835856034,79.27413866890893,79.84998594586516,79.84998594586516,38661
2025-12-08,56.31397844545428,65.2370034268508,55.6414193057806,57.85877506830648,57.85877506830648,94898,56.31397844545428,65.2370034268508,55.6414193057806,57.85877506830648,57.85877506830648,94898,56.31397844545428,65.2370034268508,55.6414193057806,57.85877506830648,57.85877506830648,94898
2025-12-09,52.68109021001207,54.53439200529922,51.731910841795376,54.24681741138482,54.24681741138482,94794,52.68109021001207,54.53439200529922,51.731910841795376,54.24681741138482,54.24681741138482,94794,52.68109021001207,54.53439200529922,51.731910841795376,54.24681741138482,54.24681741138482,94794
2025-12-10,198.15835846040474,198.94805008231302,188.16943234007184,190.93082274301952,190.93082274301952,88318,198.15835846040474,198.94805008231302,188.16943234007184,190.93082274301952,190.93082274301952,88318,198.15835846040474,198.94805008231302,188.16943234007184,190.93082274301952,190.93082274301952,88318
2025-12-11,114.16597006037935,116.56107175947473,110.89957756612024,112.14879225892629,112.14879225892629,22120,114.16597006037935,116.56107175947473,110.89957756612024,112.14879225892629,112.14879225892629,22120,114.16597006037935,116.56107175947473,110.89957756612024,112.14879225892629,112.14879225892629,22120
2025-12-12,107.64899707395224,115.59477986095415,100.16715795346379,102.2981027518928,102.2981027518928,20790,107.64899707395224,115.59477986095415,100.16715795346379,102.2981027518928,102.2981027518928,20790,107.64899707395224,115.59477986095415,100.16715795346379,102.2981027518928,102.2981027518928,20790
2025-12-13,151.94709240396048,152.2937950712253,143.88044187369232,151.1084525269292,151.1084525269292,59655,151.94709240396048,152.2937950712253,143.88044187369232,151.1084525269292,151.1084525269292,59655,151.94709240396048,152.2937950712253,143.88044187369232,151.1084525269292,151.1084525269292,59655
2025-12-14,82.73808317975963,88.56615153059452,74.15785046968733,81.36284041610567,81.36284041610567,60643,82.73808317975963,88.56615153059452,74.15785046968733,81.36284041610567,81.36284041610567,60643,82.73808317975963,88.56615153059452,74.15785046968733,81.36284041610567,81.36284041610567,60643
2025-12-15,192.4941775925338,202.4485527544469,182.51789461851223,195.96896032685052,195.96896032685052,94448,192.4941775925338,202.4485527544469,182.51789461851223,195.96896032685052,195.96896032685052,94448,192.4941775925338,202.4485527544469,182.51789461851223,195.96896032685052,195.96896032685052,94448
2025-12-16,167.9517521623328,176.5087131007082,165.53678730976412,168.15980593494467,168.15980593494467,48374,167.9517521623328,176.5087131007082,165.53678730976412,168.15980593494467,168.15980593494467,48374,167.9517521623328,176.5087131007082,165.53678730976412,168.15980593494467,168.15980593494467,48374
2025-12-17,63.411650346838925,68.62610723727482,63.00814207824193,67.26678675262157,67.26678675262157,43907,63.411650346838925,68.62610723727482,63.00814207824193,67.26678675262157,67.26678675262157,43907,63.411650346838925,68.62610723727482,63.00814207824193,67.26678675262157,67.26678675262157,43907
2025-12-18,112.63711636773925,113.27352546060568,108.5252011877934,112.13395396440886,112.13395396440886,51071,112.63711636773925,113.27352546060568,108.5252011877934,112.13395396440886,112.13395396440886,51071,112.63711636773925,113.27352546060568,108.5252011877934,112.13395396440886,112.13395396440886,51071
2025-12-19,181.8677461343247,190.1814812781818,180.56693943603523,183.57242622628846,183.57242622628846,35812,181.8677461343247,190.1814812781818,180.56693943603523,183.57242622628846,183.57242622628846,35812,181.8677461343247,190.1814812781818,180.56693943603523,183.57242622628846,183.57242622628846,35812
2025-12-20,191.70980334371154,197.69958842548365,191.48554445209098,194.03754439272555,194.03754439272555,50570,191.70980334371154,197.69958842548365,191.48554445209098,194.03754439272555,194.03754439272555,50570,191.70980334371154,197.69958842548365,191.48554445209098,194.03754439272555,194.03754439272555,50570
2025-12-21,120.11022668748046,121.25955665807614,116.5059584160656,117.5027417502245,117.5027417502245,51901,120.11022668748046,121.25955665807614,116.5059584160656,117.5027417502245,117.5027417502245,51901,120.11022668748046,121.25955665807614,116.5059584160656,117.5027417502245,117.5027417502245,51901
2025-12-22,142.01170838160616,142.9502812298397,134.17432587085378,142.7445818168612,142.7445818168612,61186,142.01170838160616,142.9502812298397,134.17432587085378,142.7445818168612,142.7445818168612,61186,142.01170838160616,142.9502812298397,134.17432587085378,142.7445818168612,142.7445818168612,61186
2025-12-23,75.05509191381128,84.1513601081772,69.39328500156057,78.92113632281387,78.92113632281387,51251,75.05509191381128,84.1513601081772,69.39328500156057,78.92113632281387,78.92113632281387,51251,75.05509191381128,84.1513601081772,69.39328500156057,78.92113632281387,78.92113632281387,51251
2025-12-24,198.6752939205465,205.3672965499273,195.54751402844295,204.72453169385332,204.72453169385332,66171,198.6752939205465,205.3672965499273,195.54751402844295,204.72453169385332,204.72453169385332,66171,198.6752939205465,205.3672965499273,195.54751402844295,204.72453169385332,204.72453169385332,66171
2025-12-25,84.7507552075165,93.04362320068407,78.20733515258931,82.70845046749895,82.70845046749895,37160,84.7507552075165,93.04362320068407,78.20733515258931,82.70845046749895,82.70845046749895,37160,84.7507552075165,93.04362320068407,78.20733515258931,82.70845046749895,82.70845046749895,37160
2025-12-26,191.40976612026884,200.1995551230915,189.08958431718074,197.7763695339831,197.7763695339831,20156,191.40976612026884,200.1995551230915,189.08958431718074,197.7763695339831,197.7763695339831,20156,191.40976612026884,200.1995551230915,189.08958431718074,197.7763695339831,197.7763695339831,20156
2025-12-27,147.44699734885526,153.16472086933848,147.30318288813442,151.79229241749826,151.79229241749826,77208,147.44699734885526,153.16472086933848,147.30318288813442,151.79229241749826,151.79229241749826,77208,147.44699734885526,153.16472086933848,147.30318288813442,151.79229241749826,151.79229241749826,77208
2025-12-28,141.16051923182886,146.33498274937926,133.51698536746457,142.3826257022764,142.3826257022764,80980,141.16051923182886,146.33498274937926,133.51698536746457,142.3826257022764,142.3826257022764,80980,141.16051923182886,146.33498274937926,133.51698536746457,142.3826257022764,142.3826257022764,80980
2025-12-29,126.9032766524763,131.20755075568619,120.6658458038362,130.84532697110558,130.84532697110558,73320,126.9032766524763,131.20755075568619,120.6658458038362,130.84532697110558,130.84532697110558,73320,126.9032766524763,131.20755075568619,120.6658458038362,130.84532697110558,130.84532697110558,73320
2025-12-30,84.6004717576638,87.76993763557499,76.9774455126542,81.22488837751506,81.22488837751506,18929,84.6004717576638,87.76993763557499,76.9774455126542,81.22488837751506,81.22488837751506,18929,84.6004717576638,87.76993763557499,76.9774455126542,81.22488837751506,81.22488837751506,18929
2025-12-31,76.47920480082624,80.82516440941336,76.08982463394958,76.70881557568633,76.70881557568633,67606,76.47920480082624,80.82516440941336,76.08982463394958,76.70881557568633,76.70881557568633,67606,76.47920480082624,80.82516440941336,76.08982463394958,76.70881557568633,76.70881557568633,67606
2026-01-01,83.0729313605263,90.81172791782787,74.70173508221977,85.52295999225608,85.52295999225608,89442,83.0729313605263,90.81172791782787,74.70173508221977,85.52295999225608,85.52295999225608,89442,83.0729313605263,90.81172791782787,74.70173508221977,85.52295999225608,85.52295999225608,89442
2026-01-02,77.96573932163818,83.9849736317895,71.77047732127515,80.67862918842594,80.67862918842594,63559,77.96573932163818,83.9849736317895,71.77047732127515,80.67862918842594,80.67862918842594,63559,77.96573932163818,83.9849736317895,71.77047732127515,80.67862918842594,80.67862918842594,63559
2026-01-03,166.937671035013,175.86290393456147,161.30371752788662,169.67613161200285,169.67613161200285,55205,166.937671035013,175.86290393456147,161.30371752788662,169.67613161200285,169.67613161200285,55205,166.937671035013,175.86290393456147,161.30371752788662,169.67613161200285,169.67613161200285,55205
2026-01-04,102.5187888750095,106.95258901880138,96.27264839386419,98.48145121270346,98.48145121270346,69475,102.5187888750095,106.95258901880138,96.27264839386419,98.48145121270346,98.48145121270346,69475,102.5187888750095,106.95258901880138,96.27264839386419,98.48145121270346,98.48145121270346,69475
2026-01-05,58.676401484509455,64.747297271697,50.03206901582581,57.45525334252081,57.45525334252081,65341,58.676401484509455,64.747297271697,50.03206901582581,57.45525334252081,57.45525334252081,65341,58.676401484509455,64.747297271697,50.03206901582581,57.45525334252081,57.45525334252081,65341
2026-01-06,195.3653945211217,201.67847005204158,189.4960294555326,193.2992623761258,193.2992623761258,96377,195.3653945211217,201.67847005204158,189.4960294555326,193.2992623761258,193.2992623761258,96377,195.3653945211217,201.67847005204158,189.4960294555326,193.2992623761258,193.2992623761258,96377
2026-01-07,182.56788274451387,188.48485436757713,176.75837894563207,181.77105468188293,181.77105468188293,43863,182.56788274451387,188.48485436757713,176.75837894563207,181.77105468188293,181.77105468188293,43863,182.56788274451387,188.48485436757713,176.75837894563207,181.77105468188293,181.77105468188293,43863
2026-01-08,189.16284247928195,196.18918021013712,179.2560509086243,190.18162048113996,190.18162048113996,82837,189.16284247928195,196.18918021013712,179.2560509086243,190.18162048113996,190.18162048113996,82837,189.16284247928195,196.18918021013712,179.2560509086243,190.18162048113996,190.18162048113996,82837
2026-01-09,199.23617339696528,201.61050808071334,191.6688717262796,199.0775257040748,199.0775257040748,66439,199.23617339696528,201.61050808071334,191.6688717262796,199.0775257040748,199.0775257040748,66439,199.23617339696528,201.61050808071334,191.6688717262796,199.0775257040748,199.0775257040748,66439
2026-01-10,76.0842873829231,81.207925158381,71.66134932841175,73.87829994969259,73.87829994969259,8194,76.0842873829231,81.207925158381,71.66134932841175,73.87829994969259,73.87829994969259,8194,76.0842873829231,81.207925158381,71.66134932841175,73.87829994969259,73.87829994969259,8194
2026-01-11,109.4363028353988,110.47855086348228,102.36233283506952,105.65204183452524,105.65204183452524,72387,109.4363028353988,110.47855086348228,102.36233283506952,105.65204183452524,105.65204183452524,72387,109.4363028353988,110.47855086348228,102.36233283506952,105.65204183452524,105.65204183452524,72387
2026-01-12,163.73577135561368,167.5808846320618,159.8434666386958,161.92608222120907,161.92608222120907,82914,163.73577135561368,167.5808846320618,159.8434666386958,161.92608222120907,161.92608222120907,82914,163.73577135561368,167.5808846320618,159.8434666386958,161.92608222120907,161.92608222120907,82914
2026-01-13,154.40309270806884,159.27976339428147,152.11433808323386,153.53761807677392,153.53761807677392,67214,154.40309270806884,159.27976339428147,152.11433808323386,153.53761807677392,153.53761807677392,67214,154.40309270806884,159.27976339428147,152.11433808323386,153.53761807677392,153.53761807677392,67214
2026-01-14,73.08438595097826,79.60662854643299,67.11586718210066,76.90097000293639,76.90097000293639,97176,73.08438595097826,79.60662854643299,67.11586718210066,76.90097000293639,76.90097000293639,97176,73.08438595097826,79.60662854643299,67.11586718210066,76.90097000293639,76.90097000293639,97176
2026-01-15,172.37496874859266,181.8802792744547,163.09314776745316,180.1753977109364,180.1753977109364,30777,172.37496874859266,181.8802792744547,163.09314776745316,180.1753977109364,180.1753977109364,30777,172.37496874859266,181.8802792744547,163.09314776745316,180.1753977109364,180.1753977109364,30777
2026-01-16,83.6660857754991,89.67259644098266,74.37469057534447,80.0384677003766,80.0384677003766,27183,83.6660857754991,89.67259644098266,74.37469057534447,80.0384677003766,80.0384677003766,27183,83.6660857754991,89.67259644098266,74.37469057534447,80.0384677003766,80.0384677003766,27183
2026-01-17,83.57264222339346,91.00858138515906,80.15358944233856,88.30871611322665,88.30871611322665,28445,83.57264222339346,91.00858138515906,80.15358944233856,88.30871611322665,88.30871611322665,28445,83.57264222339346,91.00858138515906,80.15358944233856,88.30871611322665,88.30871611322665,28445
2026-01-18,130.54616343401204,135.60882402896408,125.2693887717951,134.543813492164,134.543813492164,68038,130.54616343401204,135.60882402896408,125.2693887717951,134.543813492164,134.543813492164,68038,130.54616343401204,135.60882402896408,125.2693887717951,134.543813492164,134.543813492164,68038
2026-01-19,138.94099022625548,145.28203054001878,136.82463124055687,143.980641545953,143.980641545953,88201,138.94099022625548,145.28203054001878,136.82463124055687,143.980641545953,143.980641545953,88201,138.94099022625548,145.28203054001878,136.82463124055687,143.980641545953,143.980641545953,88201
2026-01-20,137.01293117567167,137.7222533370094,127.05662008068283,129.00644063718855,129.00644063718855,17198,137.01293117567167,137.7222533370094,127.05662008068283,129.00644063718855,129.00644063718855,17198,137.01293117567167,137.7222533370094,127.05662008068283,129.00644063718855,129.00644063718855,17198
2026-01-21,63.72302560966323,66.2669414180817,53.91184653098387,65.72692346684276,65.72692346684276,22411,63.72302560966323,66.2669414180817,53.91184653098387,65.72692346684276,65.72692346684276,22411,63.72302560966323,66.2669414180817,53.91184653098387,65.72692346684276,65.72692346684276,22411
2026-01-22,181.61912939455706,185.23766032660845,175.12404009748258,178.9336025652451,178.9336025652451,51577,181.61912939455706,185.23766032660845,175.12404009748258,178.9336025652451,178.9336025652451,51577,181.61912939455706,185.23766032660845,175.12404009748258,178.9336025652451,178.9336025652451,51577
2026-01-23,89.84000638830591,94.56493993837104,81.79586579153117,86.12765494768287,86.12765494768287,16867,89.84000638830591,94.56493993837104,81.79586579153117,86.12765494768287,86.12765494768287,16867,89.84000638830591,94.56493993837104,81.79586579153117,86.12765494768287,86.12765494768287,16867
2026-01-24,69.42723819242062,69.88372564744445,62.27623657958362,62.75118221934137,62.75118221934137,63501,69.42723819242062,69.88372564744445,62.27623657958362,62.75118221934137,62.75118221934137,63501,69.42723819242062,69.88372564744445,62.27623657958362,62.75118221934137,62.75118221934137,63501
2026-01-25,183.31221198034658,184.71245295587974,177.38062978995188,180.94516904978187,180.94516904978187,15266,183.31221198034658,184.71245295587974,177.38062978995188,180.94516904978187,180.94516904978187,15266,183.31221198034658,184.71245295587974,177.38062978995188,180.94516904978187,180.94516904978187,15266
2026-01-26,193.34772473446301,196.11586781237608,192.81424476457403,193.17416663049835,193.17416663049835,40422,193.34772473446301,196.11586781237608,192.81424476457403,193.17416663049835,193.17416663049835,40422,193.34772473446301,196.11586781237608,192.81424476457403,193.17416663049835,193.17416663049835,40422
2026-01-27,179.3191425898176,189.03446949882812,174.771499164291,178.31641525713005,178.31641525713005,36208,179.3191425898176,189.03446949882812,174.771499164291,178.31641525713005,178.31641525713005,36208,179.3191425898176,189.03446949882812,174.771499164291,178.31641525713005,178.31641525713005,36208
2026-01-28,171.4274112087317,174.74088127976222,164.6795481870576,167.86841347593332,167.86841347593332,32213,171.4274112087317,174.74088127976222,164.6795481870576,167.86841347593332,167.86841347593332,32213,171.4274112087317,174.74088127976222,164.6795481870576,167.86841347593332,167.86841347593332,32213
2026-01-29,148.28629709585326,153.10670767697408,141.51098095701641,150.88990996813405,150.88990996813405,8367,148.28629709585326,153.10670767697408,141.51098095701641,150.88990996813405,150.88990996813405,8367,148.28629709585326,153.10670767697408,141.51098095701641,150.88990996813405,150.88990996813405,8367
2026-01-30,132.6286055913709,134.58958271875483,128.89737940714707,133.8808388022056,133.8808388022056,80026,132.6286055913709,134.58958271875483,128.89737940714707,133.8808388022056,133.8808388022056,80026,132.6286055913709,134.58958271875483,128.89737940714707,133.8808388022056,133.8808388022056,80026
2026-01-31,63.048013986711524,69.15581469746921,53.631094120131216,58.32679918277694,58.32679918277694,36362,63.048013986711524,69.15581469746921,53.631094120131216,58.32679918277694,58.32679918277694,36362,63.048013986711524,69.15581469746921,53.631094120131216,58.32679918277694,58.32679918277694,36362
2026-02-01,111.2679819606048,114.07481411576454,109.59441163823699,113.44172482810943,113.44172482810943,52588,111.2679819606048,114.07481411576454,109.59441163823699,113.44172482810943,113.44172482810943,52588,111.2679819606048,114.07481411576454,109.59441163823699,113.44172482810943,113.44172482810943,52588
2026-02-02,105.9032775518471,107.97320333623136,100.8996830896915,106.96332348113707,106.96332348113707,39285,105.9032775518471,107.97320333623136,100.8996830896915,106.96332348113707,106.96332348113707,39285,105.9032775518471,107.97320333623136,100.8996830896915,106.96332348113707,106.96332348113707,39285
2026-02-03,88.96306756404894,94.12879384850874,82.05422779854071,91.28705620413369,91.28705620413369,75755,88.96306756404894,94.12879384850874,82.05422779854071,91.28705620413369,91.28705620413369,75755,88.96306756404894,94.12879384850874,82.05422779854071,91.28705620413369,91.28705620413369,75755
2026-02-04,158.51301705328774,158.56807504489194,151.54165899436964,152.5723998980191,152.5723998980191,72846,158.51301705328774,158.56807504489194,151.54165899436964,152.5723998980191,152.5723998980191,72846,158.51301705328774,158.56807504489194,151.54165899436964,152.5723998980191,152.5723998980191,72846
2026-02-05,124.38136026181562,124.45800058830787,117.89497069412747,122.42558017497267,122.42558017497267,37307,124.38136026181562,124.45800058830787,117.89497069412747,122.42558017497267,122.42558017497267,37307,124.38136026181562,124.45800058830787,117.89497069412747,122.42558017497267,122.42558017497267,37307
2026-02-06,62.15693238614719,64.34762047716576,59.40405025162859,64.07584307970521,64.07584307970521,96167,62.15693238614719,64.34762047716576,59.40405025162859,64.07584307970521,64.07584307970521,96167,62.15693238614719,64.34762047716576,59.40405025162859,64.07584307970521,64.07584307970521,96167
2026-02-07,83.0274802924717,83.3946939174799,81.46541460560547,82.78222583080782,82.78222583080782,81280,83.0274802924717,83.3946939174799,81.46541460560547,82.78222583080782,82.78222583080782,81280,83.0274802924717,83.3946939174799,81.46541460560547,82.78222583080782,82.78222583080782,81280
2026-02-08,152.4888145489394,153.5690720902463,146.1294112806723,148.59652815677427,148.59652815677427,20867,152.4888145489394,153.5690720902463,146.1294112806723,148.59652815677427,148.59652815677427,20867,152.4888145489394,153.5690720902463,146.1294112806723,148.59652815677427,148.59652815677427,20867
2026-02-09,61.41962892354503,64.80823541693255,55.42660776215065,60.122856529971585,60.122856529971585,57523,61.41962892354503,64.80823541693255,55.42660776215065,60.122856529971585,60.122856529971585,57523,61.41962892354503,64.80823541693255,55.42660776215065,60.122856529971585,60.122856529971585,57523
2026-02-10,177.68103710731532,185.70689390311344,175.88747700442292,182.22812040701191,182.22812040701191,85161,177.68103710731532,185.70689390311344,175.88747700442292,182.22812040701191,182.22812040701191,85161,177.68103710731532,185.70689390311344,175.88747700442292,182.22812040701191,182.22812040701191,85161
2026-02-11,124.27197905209614,129.99246548578915,117.22058759639052,123.74153051061131,123.74153051061131,7378,124.27197905209614,129.99246548578915,117.22058759639052,123.74153051061131,123.74153051061131,7378,124.27197905209614,129.99246548578915,117.22058759639052,123.74153051061131,123.74153051061131,7378
2026-02-12,122.0879865989972,127.21466385856137,117.53626668166063,118.69721889427059,118.69721889427059,85685,122.0879865989972,127.21466385856137,117.53626668166063,118.69721889427059,118.69721889427059,85685,122.0879865989972,127.21466385856137,117.53626668166063,118.69721889427059,118.69721889427059,85685
2026-02-13,138.86116769892766,141.79605593100888,132.18356178289613,135.18327558595007,135.18327558595007,77958,138.86116769892766,141.79605593100888,132.18356178289613,135.18327558595007,135.18327558595007,77958,138.86116769892766,141.79605593100888,132.18356178289613,135.18327558595007,135.18327558595007,77958
2026-02-14,173.70214488877238,183.01968208310055,165.32847409107086,179.52382915957418,179.52382915957418,28926,173.70214488877238,183.01968208310055,165.32847409107086,179.52382915957418,179.52382915957418,28926,173.70214488877238,183.01968208310055,165.32847409107086,179.52382915957418,179.52382915957418,28926
2026-02-15,102.17138118532895,106.14153159770088,100.47409689955973,105.35612742360641,105.35612742360641,99707,102.17138118532895,106.14153159770088,100.47409689955973,105.35612742360641,105.35612742360641,99707,102.17138118532895,106.14153159770088,100.47409689955973,105.35612742360641,105.35612742360641,99707
2026-02-16,151.70242288385953,152.57335055181724,151.51097420389115,151.65683851121764,151.65683851121764,14180,151.70242288385953,152.57335055181724,151.51097420389115,151.65683851121764,151.65683851121764,14180,151.70242288385953,152.57335055181724,151.51097420389115,151.65683851121764,151.65683851121764,14180
2026-02-17,134.85979459936866,141.03045976054668,127.06876873541079,140.36569830883437,140.36569830883437,93837,134.85979459936866,141.03045976054668,127.06876873541079,140.36569830883437,140.36569830883437,93837,134.85979459936866,141.03045976054668,127.06876873541079,140.36569830883437,140.36569830883437,93837
2026-02-18,90.0542405254132,91.19262446017922,83.95726627388704,86.336415693776,86.336415693776,37931,90.0542405254132,91.19262446017922,83.95726627388704,86.336415693776,86.336415693776,37931,90.0542405254132,91.19262446017922,83.95726627388704,86.336415693776,86.336415693776,37931
2026-02-19,181.7944979532737,185.2467293812906,174.79810225705248,181.71837155230983,181.71837155230983,25014,181.7944979532737,185.2467293812906,174.79810225705248,181.71837155230983,181.71837155230983,25014,181.7944979532737,185.2467293812906,174.79810225705248,181.71837155230983,181.71837155230983,25014
2026-02-20,169.61390324103922,174.6880226282173,161.2323534911528,171.34866390407115,171.34866390407115,97472,169.61390324103922,174.6880226282173,161.2323534911528,171.34866390407115,171.34866390407115,97472,169.61390324103922,174.6880226282173,161.2323534911528,171.34866390407115,171.34866390407115,97472
2026-02-21,148.76777519876384,157.5100004456156,140.73966585051883,154.35627587862507,154.35627587862507,80872,148.76777519876384,157.5100004456156,140.73966585051883,154.35627587862507,154.35627587862507,80872,148.76777519876384,157.5100004456156,140.73966585051883,154.35627587862507,154.35627587862507,80872
2026-02-22,177.5872593641363,182.5227251675375,167.97805789484804,181.73367263696932,181.73367263696932,59502,177.5872593641363,182.5227251675375,167.97805789484804,181.73367263696932,181.73367263696932,59502,177.5872593641363,182.5227251675375,167.97805789484804,181.73367263696932,181.73367263696932,59502
2026-02-23,180.09413014397035,187.116717804287,174.73477935544918,178.6093299385802,178.6093299385802,88736,180.09413014397035,187.116717804287,174.73477935544918,178.6093299385802,178.6093299385802,88736,180.09413014397035,187.116717804287,174.73477935544918,178.6093299385802,178.6093299385802,88736
2026-02-24,156.25444650725524,166.18261489724594,151.3694901806562,164.08665336192567,164.08665336192567,6470,156.25444650725524,166.18261489724594,151.3694901806562,164.08665336192567,164.08665336192567,6470,156.25444650725524,166.18261489724594,151.3694901806562,164.08665336192567,164.08665336192567,6470
2026-02-25,175.55199925455082,176.86689045353063,171.53312725564354,172.23551401483527,172.23551401483527,97395,175.55199925455082,176.86689045353063,171.53312725564354,172.23551401483527,172.23551401483527,97395,175.55199925455082,176.86689045353063,171.53312725564354,172.23551401483527,172.23551401483527,97395
2026-02-26,154.62071925039254,157.36803450558773,153.0838088219505,156.10436318096544,156.10436318096544,15953,154.62071925039254,157.36803450558773,153.0838088219505,156.10436318096544,156.10436318096544,15953,154.62071925039254,157.36803450558773,153.0838088219505,156.10436318096544,156.10436318096544,15953
2026-02-27,152.02111576404508,155.96687652002154,146.29504343522484,153.47132818772056,153.47132818772056,39507,152.02111576404508,155.96687652002154,146.29504343522484,153.47132818772056,153.47132818772056,39507,152.02111576404508,155.96687652002154,146.29504343522484,153.47132818772056,153.47132818772056,39507
2026-02-28,142.79170673227765,147.00998851766596,140.02158148901785,144.75778735130734,144.75778735130734,93969,142.79170673227765,147.00998851766596,140.02158148901785,144.75778735130734,144.75778735130734,93969,142.79170673227765,147.00998851766596,140.02158148901785,144.75778735130734,144.75778735130734,93969
2026-03-01,162.9074959336462,167.01770668630166,153.69442081151644,157.05608217146607,157.05608217146607,92493,162.9074959336462,167.01770668630166,153.69442081151644,157.05608217146607,157.05608217146607,92493,162.9074959336462,167.01770668630166,153.69442081151644,157.05608217146607,157.05608217146607,92493
2026-03-02,73.79076579396106,82.86687581952661,67.95885775119008,80.97420076133012,80.97420076133012,7523,73.79076579396106,82.86687581952661,67.95885775119008,80.97420076133012,80.97420076133012,7523,73.79076579396106,82.86687581952661,67.95885775119008,80.97420076133012,80.97420076133012,7523
2026-03-03,182.13061387983927,189.27094032450785,176.20221207475817,178.40897744521618,178.40897744521618,87923,182.13061387983927,189.27094032450785,176.20221207475817,178.40897744521618,178.40897744521618,87923,182.13061387983927,189.27094032450785,176.20221207475817,178.40897744521618,178.40897744521618,87923
2026-03-04,180.7765291617848,186.85558130269183,177.2272825530147,177.7436943491539,177.7436943491539,58190,180.7765291617848,186.85558130269183,177.2272825530147,177.7436943491539,177.7436943491539,58190,180.7765291617848,186.85558130269183,177.2272825530147,177.7436943491539,177.7436943491539,58190
2026-03-05,54.387092455183875,57.4808196338117,53.8671989354068,56.45984527586288,56.45984527586288,48761,54.387092455183875,57.4808196338117,53.8671989354068,56.45984527586288,56.45984527586288,48761,54.387092455183875,57.4808196338117,53.8671989354068,56.45984527586288,56.45984527586288,48761
2026-03-06,173.8725125847144,182.11041642692734,173.55507493098452,177.62293204782821,177.62293204782821,32169,173.8725125847144,182.11041642692734,173.55507493098452,177.62293204782821,177.62293204782821,32169,173.8725125847144,182.11041642692734,173.55507493098452,177.62293204782821,177.62293204782821,32169
2026-03-07,69.33048012101678,78.88108523586666,65.0971286794848,76.80105889870505,76.80105889870505,46641,69.33048012101678,78.88108523586666,65.0971286794848,76.80105889870505,76.80105889870505,46641,69.33048012101678,78.88108523586666,65.0971286794848,76.80105889870505,76.80105889870505,46641
2026-03-08,100.2678281388713,108.47981096437356,99.42217435789891,102.89484633756592,102.89484633756592,23990,100.2678281388713,108.47981096437356,99.42217435789891,102.89484633756592,102.89484633756592,23990,100.2678281388713,108.47981096437356,99.42217435789891,102.89484633756592,102.89484633756592,23990
2026-03-09,161.52623844374116,161.54188949565588,155.45776888833979,156.48159611644962,156.48159611644962,30661,161.52623844374116,161.54188949565588,155.45776888833979,156.48159611644962,156.48159611644962,30661,161.52623844374116,161.54188949565588,155.45776888833979,156.48159611644962,156.48159611644962,30661
